order,feature_name,label_ko,feature_group,source_kind,source_table_or_file,source_column,transform_or_definition,as_of_rule,disclosure_lag,coverage,non_null_count,unique_value_count,expected_sign,description,domain_rationale,statistical_evidence,literature_anchor
1,mkt_vol_ma60,,market_microstructure,current_pm_final,current_pm_final,mkt_vol_ma60,existing_pm_final_predictor,,,"non_null=2112, coverage_rate=0.9906191369606004",2112,2111,,Base all_in feature carried forward.,,,
2,fuel_lng_krwkwh,,power_energy,current_pm_final,current_pm_final,fuel_lng_krwkwh,existing_pm_final_predictor,,,"non_null=2128, coverage_rate=0.99812382739212",2128,124,,Base all_in feature carried forward.,,,
3,fuel_anth_krwkwh,,power_energy,current_pm_final,current_pm_final,fuel_anth_krwkwh,existing_pm_final_predictor,,,"non_null=2128, coverage_rate=0.99812382739212",2128,124,,Base all_in feature carried forward.,,,
4,pwr_peak_dem_mw,,power_energy,current_pm_final,current_pm_final,pwr_peak_dem_mw,existing_pm_final_predictor,,,"non_null=2132, coverage_rate=1.0",2132,1992,,Base all_in feature carried forward.,,,
5,pwr_coal_gas_gwh,,power_energy,current_pm_final,current_pm_final,pwr_coal_gas_gwh,existing_pm_final_predictor,,,"non_null=2128, coverage_rate=0.99812382739212",2128,103,,Base all_in feature carried forward.,,,
6,pwr_hydro_gwh,,power_energy,current_pm_final,current_pm_final,pwr_hydro_gwh,existing_pm_final_predictor,,,"non_null=2128, coverage_rate=0.99812382739212",2128,124,,Base all_in feature carried forward.,,,
7,pwr_mkt_tot_gwh,,power_energy,current_pm_final,current_pm_final,pwr_mkt_tot_gwh,existing_pm_final_predictor,,,"non_null=2128, coverage_rate=0.99812382739212",2128,124,,Base all_in feature carried forward.,,,
8,pwr_nuke_gwh,,power_energy,current_pm_final,current_pm_final,pwr_nuke_gwh,existing_pm_final_predictor,,,"non_null=2128, coverage_rate=0.99812382739212",2128,124,,Base all_in feature carried forward.,,,
9,pwr_waste_gwh,,power_energy,current_pm_final,current_pm_final,pwr_waste_gwh,existing_pm_final_predictor,,,"non_null=2128, coverage_rate=0.99812382739212",2128,63,,Base all_in feature carried forward.,,,
10,pwr_wind_gwh,,power_energy,current_pm_final,current_pm_final,pwr_wind_gwh,existing_pm_final_predictor,,,"non_null=2128, coverage_rate=0.99812382739212",2128,124,,Base all_in feature carried forward.,,,
11,pwr_smp_jeju_krwkwh,,power_energy,current_pm_final,current_pm_final,pwr_smp_jeju_krwkwh,existing_pm_final_predictor,,,"non_null=2128, coverage_rate=0.99812382739212",2128,123,,Base all_in feature carried forward.,,,
12,wx_nat_cdd18,,weather,current_pm_final,current_pm_final,wx_nat_cdd18,existing_pm_final_predictor,,,"non_null=2132, coverage_rate=1.0",2132,696,,Base all_in feature carried forward.,,,
13,wx_nat_hdd18,,weather,current_pm_final,current_pm_final,wx_nat_hdd18,existing_pm_final_predictor,,,"non_null=2132, coverage_rate=1.0",2132,875,,Base all_in feature carried forward.,,,
14,wx_nat_avg_rh,,weather,current_pm_final,current_pm_final,wx_nat_avg_rh,existing_pm_final_predictor,,,"non_null=2132, coverage_rate=1.0",2132,1528,,Base all_in feature carried forward.,,,
15,mkt_vwap,,market_microstructure,current_pm_final,current_pm_final,mkt_vwap,existing_pm_final_predictor,,,"non_null=2132, coverage_rate=1.0",2132,1907,,Base all_in feature carried forward.,,,
16,mkt_vwap_lag1,,market_microstructure,current_pm_final,current_pm_final,mkt_vwap_lag1,existing_pm_final_predictor,,,"non_null=2131, coverage_rate=0.99953095684803",2131,1906,,Base all_in feature carried forward.,,,
17,mkt_vwap_lag20,,market_microstructure,current_pm_final,current_pm_final,mkt_vwap_lag20,existing_pm_final_predictor,,,"non_null=2112, coverage_rate=0.9906191369606004",2112,1887,,Base all_in feature carried forward.,,,
18,mkt_vwap_lag5,,market_microstructure,current_pm_final,current_pm_final,mkt_vwap_lag5,existing_pm_final_predictor,,,"non_null=2127, coverage_rate=0.99765478424015",2127,1902,,Base all_in feature carried forward.,,,
19,mkt_max_vwap,,market_microstructure,current_pm_final,current_pm_final,mkt_max_vwap,existing_pm_final_predictor,,,"non_null=2132, coverage_rate=1.0",2132,1720,,Base all_in feature carried forward.,,,
20,mkt_min_vwap,,market_microstructure,current_pm_final,current_pm_final,mkt_min_vwap,existing_pm_final_predictor,,,"non_null=2132, coverage_rate=1.0",2132,1752,,Base all_in feature carried forward.,,,
21,mkt_blend,,market_microstructure,current_pm_final,current_pm_final,mkt_blend,existing_pm_final_predictor,,,"non_null=2132, coverage_rate=1.0",2132,2,,Base all_in feature carried forward.,,,
22,mkt_vwap_rng,,market_microstructure,current_pm_final,current_pm_final,mkt_vwap_rng,existing_pm_final_predictor,,,"non_null=2132, coverage_rate=1.0",2132,218,,Base all_in feature carried forward.,,,
23,fuel_lng_krwton,,power_energy,current_pm_final,current_pm_final,fuel_lng_krwton,existing_pm_final_predictor,,,"non_null=2128, coverage_rate=0.99812382739212",2128,124,,Base all_in feature carried forward.,,,
24,fuel_heat_lng_krwgcal,,power_energy,current_pm_final,current_pm_final,fuel_heat_lng_krwgcal,existing_pm_final_predictor,,,"non_null=2128, coverage_rate=0.99812382739212",2128,124,,Base all_in feature carried forward.,,,
25,pwr_smp_land_krwkwh,,power_energy,current_pm_final,current_pm_final,pwr_smp_land_krwkwh,existing_pm_final_predictor,,,"non_null=2128, coverage_rate=0.99812382739212",2128,124,,Base all_in feature carried forward.,,,
26,pwr_smp_total_krwkwh,,power_energy,current_pm_final,current_pm_final,pwr_smp_total_krwkwh,existing_pm_final_predictor,,,"non_null=2128, coverage_rate=0.99812382739212",2128,122,,Base all_in feature carried forward.,,,
27,fuel_heat_anth_krwgcal,,power_energy,current_pm_final,current_pm_final,fuel_heat_anth_krwgcal,existing_pm_final_predictor,,,"non_null=2128, coverage_rate=0.99812382739212",2128,124,,Base all_in feature carried forward.,,,
28,wx_nat_avg_temp_c,,weather,current_pm_final,current_pm_final,wx_nat_avg_temp_c,existing_pm_final_predictor,,,"non_null=2132, coverage_rate=1.0",2132,1340,,Base all_in feature carried forward.,,,
29,wx_nat_max_temp_c,,weather,current_pm_final,current_pm_final,wx_nat_max_temp_c,existing_pm_final_predictor,,,"non_null=2132, coverage_rate=1.0",2132,1321,,Base all_in feature carried forward.,,,
30,wx_nat_min_temp_c,,weather,current_pm_final,current_pm_final,wx_nat_min_temp_c,existing_pm_final_predictor,,,"non_null=2132, coverage_rate=1.0",2132,1344,,Base all_in feature carried forward.,,,
31,wx_stn_avg_temp_c,,weather,current_pm_final,current_pm_final,wx_stn_avg_temp_c,existing_pm_final_predictor,,,"non_null=2132, coverage_rate=1.0",2132,1350,,Base all_in feature carried forward.,,,
32,wx_stn_cdd18,,weather,current_pm_final,current_pm_final,wx_stn_cdd18,existing_pm_final_predictor,,,"non_null=2132, coverage_rate=1.0",2132,696,,Base all_in feature carried forward.,,,
33,wx_stn_hdd18,,weather,current_pm_final,current_pm_final,wx_stn_hdd18,existing_pm_final_predictor,,,"non_null=2132, coverage_rate=1.0",2132,876,,Base all_in feature carried forward.,,,
34,wx_stn_max_temp_c,,weather,current_pm_final,current_pm_final,wx_stn_max_temp_c,existing_pm_final_predictor,,,"non_null=2132, coverage_rate=1.0",2132,1322,,Base all_in feature carried forward.,,,
35,wx_stn_min_temp_c,,weather,current_pm_final,current_pm_final,wx_stn_min_temp_c,existing_pm_final_predictor,,,"non_null=2132, coverage_rate=1.0",2132,1357,,Base all_in feature carried forward.,,,
36,wx_stn_avg_rh,,weather,current_pm_final,current_pm_final,wx_stn_avg_rh,existing_pm_final_predictor,,,"non_null=2132, coverage_rate=1.0",2132,1530,,Base all_in feature carried forward.,,,
37,mkt_daily_logret,,market_microstructure,current_pm_final,current_pm_final,mkt_daily_logret,existing_pm_final_predictor,,,"non_null=2131, coverage_rate=0.99953095684803",2131,2019,,Base all_in feature carried forward.,,,
38,mkt_logret_lag1,,market_microstructure,current_pm_final,current_pm_final,mkt_logret_lag1,existing_pm_final_predictor,,,"non_null=2130, coverage_rate=0.99906191369606",2130,2018,,Base all_in feature carried forward.,,,
39,mkt_logret_lag5,,market_microstructure,current_pm_final,current_pm_final,mkt_logret_lag5,existing_pm_final_predictor,,,"non_null=2126, coverage_rate=0.99718574108818",2126,2014,,Base all_in feature carried forward.,,,
40,mkt_logret_ma20,,market_microstructure,current_pm_final,current_pm_final,mkt_logret_ma20,existing_pm_final_predictor,,,"non_null=2125, coverage_rate=0.99671669793621",2125,2078,,Base all_in feature carried forward.,,,
41,mkt_logret_ma5,,market_microstructure,current_pm_final,current_pm_final,mkt_logret_ma5,existing_pm_final_predictor,,,"non_null=2129, coverage_rate=0.99859287054409",2129,2072,,Base all_in feature carried forward.,,,
42,mkt_logret_ma60,,market_microstructure,current_pm_final,current_pm_final,mkt_logret_ma60,existing_pm_final_predictor,,,"non_null=2111, coverage_rate=0.9901500938086304",2111,2075,,Base all_in feature carried forward.,,,
43,mkt_logret_vol_20d,,market_microstructure,current_pm_final,current_pm_final,mkt_logret_vol_20d,existing_pm_final_predictor,,,"non_null=2125, coverage_rate=0.99671669793621",2125,2097,,Base all_in feature carried forward.,,,
44,mkt_vol,,market_microstructure,current_pm_final,current_pm_final,mkt_vol,existing_pm_final_predictor,,,"non_null=2132, coverage_rate=1.0",2132,1725,,Base all_in feature carried forward.,,,
45,mkt_vol_log1p,,market_microstructure,current_pm_final,current_pm_final,mkt_vol_log1p,existing_pm_final_predictor,,,"non_null=2132, coverage_rate=1.0",2132,1725,,Base all_in feature carried forward.,,,
46,mkt_vol_lag1,,market_microstructure,current_pm_final,current_pm_final,mkt_vol_lag1,existing_pm_final_predictor,,,"non_null=2131, coverage_rate=0.99953095684803",2131,1724,,Base all_in feature carried forward.,,,
47,mkt_vol_lag20,,market_microstructure,current_pm_final,current_pm_final,mkt_vol_lag20,existing_pm_final_predictor,,,"non_null=2112, coverage_rate=0.9906191369606004",2112,1705,,Base all_in feature carried forward.,,,
48,mkt_vol_lag5,,market_microstructure,current_pm_final,current_pm_final,mkt_vol_lag5,existing_pm_final_predictor,,,"non_null=2127, coverage_rate=0.99765478424015",2127,1720,,Base all_in feature carried forward.,,,
49,mkt_vol_lag60,,market_microstructure,current_pm_final,current_pm_final,mkt_vol_lag60,existing_pm_final_predictor,,,"non_null=2072, coverage_rate=0.9718574108818012",2072,1666,,Base all_in feature carried forward.,,,
50,mkt_vol_ma20,,market_microstructure,current_pm_final,current_pm_final,mkt_vol_ma20,existing_pm_final_predictor,,,"non_null=2126, coverage_rate=0.99718574108818",2126,2124,,Base all_in feature carried forward.,,,
51,mkt_vol_ma5,,market_microstructure,current_pm_final,current_pm_final,mkt_vol_ma5,existing_pm_final_predictor,,,"non_null=2130, coverage_rate=0.99906191369606",2130,2124,,Base all_in feature carried forward.,,,
52,mkt_vol_std20,,market_microstructure,current_pm_final,current_pm_final,mkt_vol_std20,existing_pm_final_predictor,,,"non_null=2126, coverage_rate=0.99718574108818",2126,2121,,Base all_in feature carried forward.,,,
53,mkt_vol_std60,,market_microstructure,current_pm_final,current_pm_final,mkt_vol_std60,existing_pm_final_predictor,,,"non_null=2112, coverage_rate=0.9906191369606004",2112,2109,,Base all_in feature carried forward.,,,
54,fuel_bitum_coal_krwkwh,,power_energy,current_pm_final,current_pm_final,fuel_bitum_coal_krwkwh,existing_pm_final_predictor,,,"non_null=2128, coverage_rate=0.99812382739212",2128,123,,Base all_in feature carried forward.,,,
55,fuel_oil_krwkwh,,power_energy,current_pm_final,current_pm_final,fuel_oil_krwkwh,existing_pm_final_predictor,,,"non_null=2128, coverage_rate=0.99812382739212",2128,123,,Base all_in feature carried forward.,,,
56,fuel_bitum_coal_krwton,,power_energy,current_pm_final,current_pm_final,fuel_bitum_coal_krwton,existing_pm_final_predictor,,,"non_null=2128, coverage_rate=0.99812382739212",2128,124,,Base all_in feature carried forward.,,,
57,fuel_oil_krw_per_kl,,power_energy,current_pm_final,current_pm_final,fuel_oil_krw_per_kl,existing_pm_final_predictor,,,"non_null=2128, coverage_rate=0.99812382739212",2128,124,,Base all_in feature carried forward.,,,
58,fuel_heat_bitum_coal_krwgcal,,power_energy,current_pm_final,current_pm_final,fuel_heat_bitum_coal_krwgcal,existing_pm_final_predictor,,,"non_null=2128, coverage_rate=0.99812382739212",2128,124,,Base all_in feature carried forward.,,,
59,fuel_heat_oil_krwgcal,,power_energy,current_pm_final,current_pm_final,fuel_heat_oil_krwgcal,existing_pm_final_predictor,,,"non_null=2128, coverage_rate=0.99812382739212",2128,124,,Base all_in feature carried forward.,,,
60,pwr_day,,power_energy,current_pm_final,current_pm_final,pwr_day,existing_pm_final_predictor,,,"non_null=2132, coverage_rate=1.0",2132,31,,Base all_in feature carried forward.,,,
61,pwr_resv_cap_mw,,power_energy,current_pm_final,current_pm_final,pwr_resv_cap_mw,existing_pm_final_predictor,,,"non_null=2132, coverage_rate=1.0",2132,1971,,Base all_in feature carried forward.,,,
62,pwr_resv_mgn_pct,,power_energy,current_pm_final,current_pm_final,pwr_resv_mgn_pct,existing_pm_final_predictor,,,"non_null=2132, coverage_rate=1.0",2132,468,,Base all_in feature carried forward.,,,
63,pwr_sup_cap_mw,,power_energy,current_pm_final,current_pm_final,pwr_sup_cap_mw,existing_pm_final_predictor,,,"non_null=2132, coverage_rate=1.0",2132,1993,,Base all_in feature carried forward.,,,
64,pwr_anth_gwh,,power_energy,current_pm_final,current_pm_final,pwr_anth_gwh,existing_pm_final_predictor,,,"non_null=2128, coverage_rate=0.99812382739212",2128,121,,Base all_in feature carried forward.,,,
65,pwr_bio_gwh,,power_energy,current_pm_final,current_pm_final,pwr_bio_gwh,existing_pm_final_predictor,,,"non_null=2128, coverage_rate=0.99812382739212",2128,124,,Base all_in feature carried forward.,,,
66,pwr_bitum_coal_gwh,,power_energy,current_pm_final,current_pm_final,pwr_bitum_coal_gwh,existing_pm_final_predictor,,,"non_null=2128, coverage_rate=0.99812382739212",2128,124,,Base all_in feature carried forward.,,,
67,pwr_coal_total_gwh,,power_energy,current_pm_final,current_pm_final,pwr_coal_total_gwh,existing_pm_final_predictor,,,"non_null=2128, coverage_rate=0.99812382739212",2128,124,,Base all_in feature carried forward.,,,
68,pwr_lng_gwh,,power_energy,current_pm_final,current_pm_final,pwr_lng_gwh,existing_pm_final_predictor,,,"non_null=2128, coverage_rate=0.99812382739212",2128,124,,Base all_in feature carried forward.,,,
69,pwr_market_ppa_total_gwh,,power_energy,current_pm_final,current_pm_final,pwr_market_ppa_total_gwh,existing_pm_final_predictor,,,"non_null=2128, coverage_rate=0.99812382739212",2128,124,,Base all_in feature carried forward.,,,
70,pwr_ocean_gwh,,power_energy,current_pm_final,current_pm_final,pwr_ocean_gwh,existing_pm_final_predictor,,,"non_null=2128, coverage_rate=0.99812382739212",2128,116,,Base all_in feature carried forward.,,,
71,pwr_oil_gwh,,power_energy,current_pm_final,current_pm_final,pwr_oil_gwh,existing_pm_final_predictor,,,"non_null=2128, coverage_rate=0.99812382739212",2128,124,,Base all_in feature carried forward.,,,
72,pwr_other_gwh,,power_energy,current_pm_final,current_pm_final,pwr_other_gwh,existing_pm_final_predictor,,,"non_null=2128, coverage_rate=0.99812382739212",2128,124,,Base all_in feature carried forward.,,,
73,pwr_pumped_storage_gwh,,power_energy,current_pm_final,current_pm_final,pwr_pumped_storage_gwh,existing_pm_final_predictor,,,"non_null=2128, coverage_rate=0.99812382739212",2128,124,,Base all_in feature carried forward.,,,
74,pwr_renewable_total_gwh,,power_energy,current_pm_final,current_pm_final,pwr_renewable_total_gwh,existing_pm_final_predictor,,,"non_null=2128, coverage_rate=0.99812382739212",2128,124,,Base all_in feature carried forward.,,,
75,pwr_solar_gwh,,power_energy,current_pm_final,current_pm_final,pwr_solar_gwh,existing_pm_final_predictor,,,"non_null=2128, coverage_rate=0.99812382739212",2128,124,,Base all_in feature carried forward.,,,
76,wx_nat_is_precip_day,,weather,current_pm_final,current_pm_final,wx_nat_is_precip_day,existing_pm_final_predictor,,,"non_null=2132, coverage_rate=1.0",2132,7,,Base all_in feature carried forward.,,,
77,wx_nat_precip_mm,,weather,current_pm_final,current_pm_final,wx_nat_precip_mm,existing_pm_final_predictor,,,"non_null=2132, coverage_rate=1.0",2132,594,,Base all_in feature carried forward.,,,
78,wx_nat_sunshine_hours,,weather,current_pm_final,current_pm_final,wx_nat_sunshine_hours,existing_pm_final_predictor,,,"non_null=2132, coverage_rate=1.0",2132,839,,Base all_in feature carried forward.,,,
79,wx_stn_is_precip_day,,weather,current_pm_final,current_pm_final,wx_stn_is_precip_day,existing_pm_final_predictor,,,"non_null=2132, coverage_rate=1.0",2132,7,,Base all_in feature carried forward.,,,
80,wx_stn_precip_mm,,weather,current_pm_final,current_pm_final,wx_stn_precip_mm,existing_pm_final_predictor,,,"non_null=2132, coverage_rate=1.0",2132,596,,Base all_in feature carried forward.,,,
81,wx_stn_sunshine_hours,,weather,current_pm_final,current_pm_final,wx_stn_sunshine_hours,existing_pm_final_predictor,,,"non_null=2132, coverage_rate=1.0",2132,845,,Base all_in feature carried forward.,,,
82,ext_us10y_z60,,external_market,current_pm_final,current_pm_final,ext_us10y_z60,existing_pm_final_predictor,,,"non_null=2128, coverage_rate=0.99812382739212",2128,2066,,Base all_in feature carried forward.,,,
83,ext_us10y_chg20,,external_market,current_pm_final,current_pm_final,ext_us10y_chg20,existing_pm_final_predictor,,,"non_null=2128, coverage_rate=0.99812382739212",2128,1630,,Base all_in feature carried forward.,,,
84,ext_kr10y_chg20,,external_market,current_pm_final,current_pm_final,ext_kr10y_chg20,existing_pm_final_predictor,,,"non_null=2128, coverage_rate=0.99812382739212",2128,1166,,Base all_in feature carried forward.,,,
85,ext_kr10y_z60,,external_market,current_pm_final,current_pm_final,ext_kr10y_z60,existing_pm_final_predictor,,,"non_null=2128, coverage_rate=0.99812382739212",2128,2128,,Base all_in feature carried forward.,,,
86,ext_sp500_z60,,external_market,current_pm_final,current_pm_final,ext_sp500_z60,existing_pm_final_predictor,,,"non_null=2128, coverage_rate=0.99812382739212",2128,2066,,Base all_in feature carried forward.,,,
87,ext_vkospi_z60,,external_market,current_pm_final,current_pm_final,ext_vkospi_z60,existing_pm_final_predictor,,,"non_null=2128, coverage_rate=0.99812382739212",2128,2128,,Base all_in feature carried forward.,,,
88,ext_gold_z60,,external_market,current_pm_final,current_pm_final,ext_gold_z60,existing_pm_final_predictor,,,"non_null=2128, coverage_rate=0.99812382739212",2128,2067,,Base all_in feature carried forward.,,,
89,ext_gold_ret20,,external_market,current_pm_final,current_pm_final,ext_gold_ret20,existing_pm_final_predictor,,,"non_null=2128, coverage_rate=0.99812382739212",2128,2065,,Base all_in feature carried forward.,,,
90,ext_vkospi_chg20,,external_market,current_pm_final,current_pm_final,ext_vkospi_chg20,existing_pm_final_predictor,,,"non_null=2128, coverage_rate=0.99812382739212",2128,1483,,Base all_in feature carried forward.,,,
91,fx_usdkrw_ret20,,external_market,current_pm_final,current_pm_final,fx_usdkrw_ret20,existing_pm_final_predictor,,,"non_null=2128, coverage_rate=0.99812382739212",2128,2123,,Base all_in feature carried forward.,,,
92,ext_kospi_z60,,external_market,current_pm_final,current_pm_final,ext_kospi_z60,existing_pm_final_predictor,,,"non_null=2128, coverage_rate=0.99812382739212",2128,2125,,Base all_in feature carried forward.,,,
93,fx_usdkrw_z60,,external_market,current_pm_final,current_pm_final,fx_usdkrw_z60,existing_pm_final_predictor,,,"non_null=2128, coverage_rate=0.99812382739212",2128,2123,,Base all_in feature carried forward.,,,
94,ext_kospi_ret20,,external_market,current_pm_final,current_pm_final,ext_kospi_ret20,existing_pm_final_predictor,,,"non_null=2128, coverage_rate=0.99812382739212",2128,2125,,Base all_in feature carried forward.,,,
95,ext_sp500_ret20,,external_market,current_pm_final,current_pm_final,ext_sp500_ret20,existing_pm_final_predictor,,,"non_null=2128, coverage_rate=0.99812382739212",2128,2066,,Base all_in feature carried forward.,,,
96,ext_vix_z60,,external_market,current_pm_final,current_pm_final,ext_vix_z60,existing_pm_final_predictor,,,"non_null=2128, coverage_rate=0.99812382739212",2128,2066,,Base all_in feature carried forward.,,,
97,ext_vix_chg20,,external_market,current_pm_final,current_pm_final,ext_vix_chg20,existing_pm_final_predictor,,,"non_null=2128, coverage_rate=0.99812382739212",2128,1514,,Base all_in feature carried forward.,,,
98,mkt_n_vint,,market_microstructure,current_pm_final,current_pm_final,mkt_n_vint,existing_pm_final_predictor,,,"non_null=2132, coverage_rate=1.0",2132,3,,Base all_in feature carried forward.,,,
99,mkt_log_vwap,,market_microstructure,current_pm_final,current_pm_final,mkt_log_vwap,existing_pm_final_predictor,,,"non_null=2132, coverage_rate=1.0",2132,1907,,Base all_in feature carried forward.,,,
100,mkt_vwap_lag60,,market_microstructure,current_pm_final,current_pm_final,mkt_vwap_lag60,existing_pm_final_predictor,,,"non_null=2072, coverage_rate=0.9718574108818012",2072,1847,,Base all_in feature carried forward.,,,
101,pol_comp_attn,,policy_compliance,current_pm_final,current_pm_final,pol_comp_attn,existing_pm_final_predictor,,,"non_null=2132, coverage_rate=1.0",2132,829,,Base all_in feature carried forward.,,,
102,pol_comp_deadline_w,,policy_compliance,current_pm_final,current_pm_final,pol_comp_deadline_w,existing_pm_final_predictor,,,"non_null=2132, coverage_rate=1.0",2132,46,,Base all_in feature carried forward.,,,
103,compliance_deadline_calendar_weight,,nlp,features/nlp_final/nlp_final_features.parquet,features/nlp_final/nlp_final_features.parquet,compliance_deadline_calendar_weight,materialized_row_level_nlp_feature,,,"non_null=2132, coverage_rate=1.0",2132,46,,Base all_in feature carried forward.,,,
104,compliance_deadline_attention,,nlp,features/nlp_final/nlp_final_features.parquet,features/nlp_final/nlp_final_features.parquet,compliance_deadline_attention,materialized_row_level_nlp_feature,,,"non_null=2132, coverage_rate=1.0",2132,829,,Base all_in feature carried forward.,,,
105,news_text_v2_core_net_tightening_ratio_60d,,nlp,features/nlp_final/nlp_final_features.parquet,features/nlp_final/nlp_final_features.parquet,news_text_v2_core_net_tightening_ratio_60d,materialized_row_level_nlp_feature,,,"non_null=919, coverage_rate=0.4310506566604127",919,720,,Base all_in feature carried forward.,,,
106,news_text_v2_net_tightening_ratio_60d,,nlp,features/nlp_final/nlp_final_features.parquet,features/nlp_final/nlp_final_features.parquet,news_text_v2_net_tightening_ratio_60d,materialized_row_level_nlp_feature,,,"non_null=919, coverage_rate=0.4310506566604127",919,721,,Base all_in feature carried forward.,,,
107,news_text_v2_net_tightening_ratio_30d,,nlp,features/nlp_final/nlp_final_features.parquet,features/nlp_final/nlp_final_features.parquet,news_text_v2_net_tightening_ratio_30d,materialized_row_level_nlp_feature,,,"non_null=881, coverage_rate=0.4132270168855534",881,662,,Base all_in feature carried forward.,,,
108,news_text_v2_core_net_tightening_ratio_30d,,nlp,features/nlp_final/nlp_final_features.parquet,features/nlp_final/nlp_final_features.parquet,news_text_v2_core_net_tightening_ratio_30d,materialized_row_level_nlp_feature,,,"non_null=881, coverage_rate=0.4132270168855534",881,647,,Base all_in feature carried forward.,,,
109,news_text_v2_compliance_tightening_ratio_30d,,nlp,features/nlp_final/nlp_final_features.parquet,features/nlp_final/nlp_final_features.parquet,news_text_v2_compliance_tightening_ratio_30d,materialized_row_level_nlp_feature,,,"non_null=869, coverage_rate=0.4075984990619137",869,279,,Base all_in feature carried forward.,,,
110,news_text_v2_market_stress_ratio_30d,,nlp,features/nlp_final/nlp_final_features.parquet,features/nlp_final/nlp_final_features.parquet,news_text_v2_market_stress_ratio_30d,materialized_row_level_nlp_feature,,,"non_null=881, coverage_rate=0.4132270168855534",881,518,,Base all_in feature carried forward.,,,
111,search_kau_intensity_level,,nlp,features/nlp_final/nlp_final_features.parquet,features/nlp_final/nlp_final_features.parquet,search_kau_intensity_level,materialized_row_level_nlp_feature,,,"non_null=2124, coverage_rate=0.9962476547842402",2124,754,,Base all_in feature carried forward.,,,
112,search_kau_intensity_shock,,nlp,features/nlp_final/nlp_final_features.parquet,features/nlp_final/nlp_final_features.parquet,search_kau_intensity_shock,materialized_row_level_nlp_feature,,,"non_null=2124, coverage_rate=0.9962476547842402",2124,2114,,Base all_in feature carried forward.,,,
113,search_kau_intensity_percentile_60d,,nlp,features/nlp_final/nlp_final_features.parquet,features/nlp_final/nlp_final_features.parquet,search_kau_intensity_percentile_60d,materialized_row_level_nlp_feature,,,"non_null=2124, coverage_rate=0.9962476547842402",2124,120,,Base all_in feature carried forward.,,,
114,search_kau_intensity_ratio_20d,,nlp,features/nlp_final/nlp_final_features.parquet,features/nlp_final/nlp_final_features.parquet,search_kau_intensity_ratio_20d,materialized_row_level_nlp_feature,,,"non_null=2124, coverage_rate=0.9962476547842402",2124,2124,,Base all_in feature carried forward.,,,
115,gov_policy_tightening_index,,nlp,features/nlp_final/nlp_final_features.parquet,features/nlp_final/nlp_final_features.parquet,gov_policy_tightening_index,materialized_row_level_nlp_feature,,,"non_null=2132, coverage_rate=1.0",2132,1545,,Base all_in feature carried forward.,,,
116,gov_compliance_policy_attention,,nlp,features/nlp_final/nlp_final_features.parquet,features/nlp_final/nlp_final_features.parquet,gov_compliance_policy_attention,materialized_row_level_nlp_feature,,,"non_null=2132, coverage_rate=1.0",2132,2132,,Base all_in feature carried forward.,,,
117,krx_msr_event_indicator,,nlp,features/nlp_final/nlp_final_features.parquet,features/nlp_final/nlp_final_features.parquet,krx_msr_event_indicator,materialized_row_level_nlp_feature,,,"non_null=2132, coverage_rate=1.0",2132,1,,Base all_in feature carried forward.,,,
118,news_text_tightening_minus_easing_60d,,nlp,features/nlp_final/nlp_final_features.parquet,features/nlp_final/nlp_final_features.parquet,news_text_tightening_minus_easing_60d,materialized_row_level_nlp_feature,,,"non_null=2116, coverage_rate=0.9924953095684804",2116,67,,Base all_in feature carried forward.,,,
119,news_text_tightening_minus_easing_30d,,nlp,features/nlp_final/nlp_final_features.parquet,features/nlp_final/nlp_final_features.parquet,news_text_tightening_minus_easing_30d,materialized_row_level_nlp_feature,,,"non_null=2116, coverage_rate=0.9924953095684804",2116,53,,Base all_in feature carried forward.,,,
120,fuel_period,,fuel,raw.commodities_monthly,raw.commodities_monthly,period,db_time_indexed_asof_join,,,"non_null=2132, coverage_rate=1.0",2132,4,,Base all_in feature carried forward.,,,
121,fuel_lng_japan,,fuel,raw.commodities_monthly,raw.commodities_monthly,lng_japan,db_time_indexed_asof_join,,,"non_null=2132, coverage_rate=1.0",2132,127,,Base all_in feature carried forward.,,,
122,fuel_natgas_europe,,fuel,raw.commodities_monthly,raw.commodities_monthly,natgas_europe,db_time_indexed_asof_join,,,"non_null=2132, coverage_rate=1.0",2132,127,,Base all_in feature carried forward.,,,
123,fuel_coal_newcastle,,fuel,raw.commodities_monthly,raw.commodities_monthly,coal_newcastle,db_time_indexed_asof_join,,,"non_null=2132, coverage_rate=1.0",2132,127,,Base all_in feature carried forward.,,,
124,pwr_fuel_price_nuclear_krw_per_k,,pwr,raw.epsis_fuel_cost_monthly,raw.epsis_fuel_cost_monthly,fuel_price_nuclear_krw_per_kwh,db_time_indexed_asof_join,,,"non_null=2128, coverage_rate=0.99812382739212",2128,100,,Base all_in feature carried forward.,,,
125,pwr_fuel_price_anthracite_krw_pe,,pwr,raw.epsis_fuel_cost_monthly,raw.epsis_fuel_cost_monthly,fuel_price_anthracite_krw_per_ton,db_time_indexed_asof_join,,,"non_null=2128, coverage_rate=0.99812382739212",2128,117,,Base all_in feature carried forward.,,,
126,pwr_heat_price_nuclear_krw_per_g,,pwr,raw.epsis_fuel_cost_monthly,raw.epsis_fuel_cost_monthly,heat_price_nuclear_krw_per_gcal,db_time_indexed_asof_join,,,"non_null=2128, coverage_rate=0.99812382739212",2128,122,,Base all_in feature carried forward.,,,
127,pwr_fuel_cost_nuclear_krw_per_kw,,pwr,raw.epsis_fuel_cost_monthly,raw.epsis_fuel_cost_monthly,fuel_cost_nuclear_krw_per_kwh,db_time_indexed_asof_join,,,"non_null=2128, coverage_rate=0.99812382739212",2128,100,,Base all_in feature carried forward.,,,
128,pwr_installed_capacity_mw,,pwr,raw.epsis_power_supply_daily,raw.epsis_power_supply_daily,installed_capacity_mw,db_time_indexed_asof_join,,,"non_null=2132, coverage_rate=1.0",2132,272,,Base all_in feature carried forward.,,,
129,pwr_minimum_demand_mw,,pwr,raw.epsis_power_supply_daily,raw.epsis_power_supply_daily,minimum_demand_mw,db_time_indexed_asof_join,,,"non_null=2132, coverage_rate=1.0",2132,27,,Base all_in feature carried forward.,,,
130,pwr_trade_volume_ppa_total_gwh,,pwr,raw.epsis_power_trade_volume_monthly,raw.epsis_power_trade_volume_monthly,trade_volume_ppa_total_gwh,db_time_indexed_asof_join,,,"non_null=2128, coverage_rate=0.99812382739212",2128,73,,Base all_in feature carried forward.,,,
131,pwr_trade_volume_fuel_cell_gwh,,pwr,raw.epsis_power_trade_volume_monthly,raw.epsis_power_trade_volume_monthly,trade_volume_fuel_cell_gwh,db_time_indexed_asof_join,,,"non_null=2128, coverage_rate=0.99812382739212",2128,124,,Base all_in feature carried forward.,,,
132,pwr_blmp_krw_per_kwh,,pwr,raw.epsis_smp_monthly,raw.epsis_smp_monthly,blmp_krw_per_kwh,db_time_indexed_asof_join,,,"non_null=2128, coverage_rate=0.99812382739212",2128,1,,Base all_in feature carried forward.,,,
133,ext_clsprc,,ext,raw.eua_daily,raw.eua_daily,clsprc,db_time_indexed_asof_join,,,"non_null=2132, coverage_rate=1.0",2132,1758,,Base all_in feature carried forward.,,,
134,ext_opr,,ext,raw.eua_daily,raw.eua_daily,opr,db_time_indexed_asof_join,,,"non_null=2132, coverage_rate=1.0",2132,1705,,Base all_in feature carried forward.,,,
135,ext_hpr,,ext,raw.eua_daily,raw.eua_daily,hpr,db_time_indexed_asof_join,,,"non_null=2132, coverage_rate=1.0",2132,1722,,Base all_in feature carried forward.,,,
136,ext_lpr,,ext,raw.eua_daily,raw.eua_daily,lpr,db_time_indexed_asof_join,,,"non_null=2132, coverage_rate=1.0",2132,1734,,Base all_in feature carried forward.,,,
137,ext_acc_trdvol,,ext,raw.eua_daily,raw.eua_daily,acc_trdvol,db_time_indexed_asof_join,,,"non_null=2132, coverage_rate=1.0",2132,1147,,Base all_in feature carried forward.,,,
138,ext_period,,ext,raw.eua_daily,raw.eua_daily,period,db_time_indexed_asof_join,,,"non_null=2132, coverage_rate=1.0",2132,4,,Base all_in feature carried forward.,,,
139,pol_period,,pol,raw.gir_additional_allocation,raw.gir_additional_allocation,period,db_time_indexed_asof_join,,,"non_null=2124, coverage_rate=0.9962476547842402",2124,1,,Base all_in feature carried forward.,,,
140,pol_no,,pol,raw.gir_additional_allocation,raw.gir_additional_allocation,no,db_time_indexed_asof_join,,,"non_null=2124, coverage_rate=0.9962476547842402",2124,1,,Base all_in feature carried forward.,,,
141,pol_allocation_qty,,pol,raw.gir_additional_allocation,raw.gir_additional_allocation,allocation_qty,db_time_indexed_asof_join,,,"non_null=2124, coverage_rate=0.9962476547842402",2124,3,,Base all_in feature carried forward.,,,
142,pol_period_2,,pol,raw.gir_borrowing,raw.gir_borrowing,period,db_time_indexed_asof_join,,,"non_null=2124, coverage_rate=0.9962476547842402",2124,3,,Base all_in feature carried forward.,,,
143,pol_no_2,,pol,raw.gir_borrowing,raw.gir_borrowing,no,db_time_indexed_asof_join,,,"non_null=2124, coverage_rate=0.9962476547842402",2124,8,,Base all_in feature carried forward.,,,
144,pol_borrowing_qty,,pol,raw.gir_borrowing,raw.gir_borrowing,borrowing_qty,db_time_indexed_asof_join,,,"non_null=2124, coverage_rate=0.9962476547842402",2124,8,,Base all_in feature carried forward.,,,
145,pol_period_3,,pol,raw.gir_cancelled_allocation,raw.gir_cancelled_allocation,period,db_time_indexed_asof_join,,,"non_null=2124, coverage_rate=0.9962476547842402",2124,3,,Base all_in feature carried forward.,,,
146,pol_no_3,,pol,raw.gir_cancelled_allocation,raw.gir_cancelled_allocation,no,db_time_indexed_asof_join,,,"non_null=2124, coverage_rate=0.9962476547842402",2124,3,,Base all_in feature carried forward.,,,
147,pol_cancelled_qty,,pol,raw.gir_cancelled_allocation,raw.gir_cancelled_allocation,cancelled_qty,db_time_indexed_asof_join,,,"non_null=2124, coverage_rate=0.9962476547842402",2124,11,,Base all_in feature carried forward.,,,
148,pol_period_4,,pol,raw.gir_carryover,raw.gir_carryover,period,db_time_indexed_asof_join,,,"non_null=2124, coverage_rate=0.9962476547842402",2124,3,,Base all_in feature carried forward.,,,
149,pol_no_4,,pol,raw.gir_carryover,raw.gir_carryover,no,db_time_indexed_asof_join,,,"non_null=2124, coverage_rate=0.9962476547842402",2124,3,,Base all_in feature carried forward.,,,
150,pol_carryover_qty,,pol,raw.gir_carryover,raw.gir_carryover,carryover_qty,db_time_indexed_asof_join,,,"non_null=2124, coverage_rate=0.9962476547842402",2124,3,,Base all_in feature carried forward.,,,
151,pol_banking_qty,,pol,raw.gir_carryover,raw.gir_carryover,banking_qty,db_time_indexed_asof_join,,,"non_null=2124, coverage_rate=0.9962476547842402",2124,3,,Base all_in feature carried forward.,,,
152,pol_period_5,,pol,raw.gir_certified_emissions,raw.gir_certified_emissions,period,db_time_indexed_asof_join,,,"non_null=2124, coverage_rate=0.9962476547842402",2124,3,,Base all_in feature carried forward.,,,
153,pol_no_5,,pol,raw.gir_certified_emissions,raw.gir_certified_emissions,no,db_time_indexed_asof_join,,,"non_null=2124, coverage_rate=0.9962476547842402",2124,11,,Base all_in feature carried forward.,,,
154,pol_certified_emissions_qty,,pol,raw.gir_certified_emissions,raw.gir_certified_emissions,certified_emissions_qty,db_time_indexed_asof_join,,,"non_null=2124, coverage_rate=0.9962476547842402",2124,11,,Base all_in feature carried forward.,,,
155,pol_period_7,,pol,raw.gir_early_reduction,raw.gir_early_reduction,period,db_time_indexed_asof_join,,,"non_null=2132, coverage_rate=1.0",2132,1,,Base all_in feature carried forward.,,,
156,pol_no_7,,pol,raw.gir_early_reduction,raw.gir_early_reduction,no,db_time_indexed_asof_join,,,"non_null=2132, coverage_rate=1.0",2132,1,,Base all_in feature carried forward.,,,
157,pol_early_reduction_qty,,pol,raw.gir_early_reduction,raw.gir_early_reduction,early_reduction_qty,db_time_indexed_asof_join,,,"non_null=2132, coverage_rate=1.0",2132,1,,Base all_in feature carried forward.,,,
158,pol_period_8,,pol,raw.gir_offset_issuance,raw.gir_offset_issuance,period,db_time_indexed_asof_join,,,"non_null=2124, coverage_rate=0.9962476547842402",2124,3,,Base all_in feature carried forward.,,,
159,pol_no_9,,pol,raw.gir_offset_issuance,raw.gir_offset_issuance,no,db_time_indexed_asof_join,,,"non_null=2124, coverage_rate=0.9962476547842402",2124,11,,Base all_in feature carried forward.,,,
160,pol_offset_qty,,pol,raw.gir_offset_issuance,raw.gir_offset_issuance,offset_qty,db_time_indexed_asof_join,,,"non_null=2124, coverage_rate=0.9962476547842402",2124,11,,Base all_in feature carried forward.,,,
161,pol_no_10,,pol,raw.gir_pre_allocation,raw.gir_pre_allocation,no,db_time_indexed_asof_join,,,"non_null=2132, coverage_rate=1.0",2132,4,,Base all_in feature carried forward.,,,
162,pol_period_9,,pol,raw.gir_pre_allocation,raw.gir_pre_allocation,period,db_time_indexed_asof_join,,,"non_null=2132, coverage_rate=1.0",2132,4,,Base all_in feature carried forward.,,,
163,pol_pre_allocation_qty,,pol,raw.gir_pre_allocation,raw.gir_pre_allocation,pre_allocation_qty,db_time_indexed_asof_join,,,"non_null=2132, coverage_rate=1.0",2132,12,,Base all_in feature carried forward.,,,
164,pol_period_11,,pol,raw.gir_total_allowance,raw.gir_total_allowance,period,db_time_indexed_asof_join,,,"non_null=2132, coverage_rate=1.0",2132,4,,Base all_in feature carried forward.,,,
165,pol_total_emissions,,pol,raw.gir_total_allowance,raw.gir_total_allowance,total_emissions,db_time_indexed_asof_join,,,"non_null=2132, coverage_rate=1.0",2132,4,,Base all_in feature carried forward.,,,
166,pol_total_allowance_qty,,pol,raw.gir_total_allowance,raw.gir_total_allowance,total_allowance_qty,db_time_indexed_asof_join,,,"non_null=2132, coverage_rate=1.0",2132,12,,Base all_in feature carried forward.,,,
167,pol_period_13,,pol,raw.khnp_allocation,raw.khnp_allocation,period,db_time_indexed_asof_join,,,"non_null=1300, coverage_rate=0.6097560975609756",1300,2,,Base all_in feature carried forward.,,,
168,pol_free_allocation_qty,,pol,raw.khnp_allocation,raw.khnp_allocation,free_allocation_qty,db_time_indexed_asof_join,,,"non_null=1300, coverage_rate=0.6097560975609756",1300,3,,Base all_in feature carried forward.,,,
169,wx_station_count,,wx,raw.kma_asos_weather_daily,raw.kma_asos_weather_daily,station_count,db_time_indexed_asof_join,,,"non_null=2132, coverage_rate=1.0",2132,1,,Base all_in feature carried forward.,,,
170,wx_avg_wind_speed_mps,,wx,raw.kma_asos_weather_daily,raw.kma_asos_weather_daily,avg_wind_speed_mps,db_time_indexed_asof_join,,,"non_null=2132, coverage_rate=1.0",2132,294,,Base all_in feature carried forward.,,,
171,wx_solar_radiation_mj_m2,,wx,raw.kma_asos_weather_daily,raw.kma_asos_weather_daily,solar_radiation_mj_m2,db_time_indexed_asof_join,,,"non_null=2132, coverage_rate=1.0",2132,1955,,Base all_in feature carried forward.,,,
172,wx_avg_wind_speed_mps_2,,wx,raw.kma_asos_weather_station_daily,raw.kma_asos_weather_station_daily,avg_wind_speed_mps,db_time_indexed_asof_join,,,"non_null=2132, coverage_rate=1.0",2132,294,,Base all_in feature carried forward.,,,
173,wx_solar_radiation_mj_m2_2,,wx,raw.kma_asos_weather_station_daily,raw.kma_asos_weather_station_daily,solar_radiation_mj_m2,db_time_indexed_asof_join,,,"non_null=2132, coverage_rate=1.0",2132,1955,,Base all_in feature carried forward.,,,
174,pol_period_14,,pol,raw.kogas_emissions,raw.kogas_emissions,period,db_time_indexed_asof_join,,,"non_null=2066, coverage_rate=0.9690431519699813",2066,3,,Base all_in feature carried forward.,,,
175,pol_total_emissions_2,,pol,raw.kogas_emissions,raw.kogas_emissions,total_emissions,db_time_indexed_asof_join,,,"non_null=2066, coverage_rate=0.9690431519699813",2066,9,,Base all_in feature carried forward.,,,
176,pol_direct_emissions,,pol,raw.kogas_emissions,raw.kogas_emissions,direct_emissions,db_time_indexed_asof_join,,,"non_null=2066, coverage_rate=0.9690431519699813",2066,9,,Base all_in feature carried forward.,,,
177,pol_indirect_emissions,,pol,raw.kogas_emissions,raw.kogas_emissions,indirect_emissions,db_time_indexed_asof_join,,,"non_null=2066, coverage_rate=0.9690431519699813",2066,9,,Base all_in feature carried forward.,,,
178,pol_period_15,,pol,raw.kospo_emissions,raw.kospo_emissions,period,db_time_indexed_asof_join,,,"non_null=2124, coverage_rate=0.9962476547842402",2124,3,,Base all_in feature carried forward.,,,
179,pol_emissions,,pol,raw.kospo_emissions,raw.kospo_emissions,emissions,db_time_indexed_asof_join,,,"non_null=2124, coverage_rate=0.9962476547842402",2124,10,,Base all_in feature carried forward.,,,
180,src_period_2,,src,raw.kospo_intensity,raw.kospo_intensity,period,db_time_indexed_asof_join,,,"non_null=2123, coverage_rate=0.9957786116322702",2123,3,,Base all_in feature carried forward.,,,
181,src_intensity,,src,raw.kospo_intensity,raw.kospo_intensity,intensity,db_time_indexed_asof_join,,,"non_null=2123, coverage_rate=0.9957786116322702",2123,81,,Base all_in feature carried forward.,,,
182,src_period_3,,src,raw.kospo_scope3,raw.kospo_scope3,period,db_time_indexed_asof_join,,,"non_null=1052, coverage_rate=0.4934333958724202",1052,1,,Base all_in feature carried forward.,,,
183,src_no_2,,src,raw.kospo_scope3,raw.kospo_scope3,no,db_time_indexed_asof_join,,,"non_null=1052, coverage_rate=0.4934333958724202",1052,4,,Base all_in feature carried forward.,,,
184,src_category_count,,src,raw.kospo_scope3,raw.kospo_scope3,category_count,db_time_indexed_asof_join,,,"non_null=1052, coverage_rate=0.4934333958724202",1052,2,,Base all_in feature carried forward.,,,
185,src_scope3_emissions,,src,raw.kospo_scope3,raw.kospo_scope3,scope3_emissions,db_time_indexed_asof_join,,,"non_null=1052, coverage_rate=0.4934333958724202",1052,4,,Base all_in feature carried forward.,,,
186,auc_period,,auc,raw.krx_auction_monthly,raw.krx_auction_monthly,period,db_time_indexed_asof_join,,,"non_null=1721, coverage_rate=0.8072232645403377",1721,3,,Base all_in feature carried forward.,,,
187,auc_onewayauct_appl_qty,,auc,raw.krx_auction_monthly,raw.krx_auction_monthly,onewayauct_appl_qty,db_time_indexed_asof_join,,,"non_null=1721, coverage_rate=0.8072232645403377",1721,34,,Base all_in feature carried forward.,,,
188,auc_auct_trd_qty,,auc,raw.krx_auction_monthly,raw.krx_auction_monthly,auct_trd_qty,db_time_indexed_asof_join,,,"non_null=1721, coverage_rate=0.8072232645403377",1721,78,,Base all_in feature carried forward.,,,
189,auc_auct_trd_rto,,auc,raw.krx_auction_monthly,raw.krx_auction_monthly,auct_trd_rto,db_time_indexed_asof_join,,,"non_null=1721, coverage_rate=0.8072232645403377",1721,57,,Base all_in feature carried forward.,,,
190,auc_auct_trd_partc_cnt,,auc,raw.krx_auction_monthly,raw.krx_auction_monthly,auct_trd_partc_cnt,db_time_indexed_asof_join,,,"non_null=1721, coverage_rate=0.8072232645403377",1721,13,,Base all_in feature carried forward.,,,
191,auc_acc_trdcnt,,auc,raw.krx_auction_monthly,raw.krx_auction_monthly,acc_trdcnt,db_time_indexed_asof_join,,,"non_null=1721, coverage_rate=0.8072232645403377",1721,10,,Base all_in feature carried forward.,,,
192,auc_hgst_ord_prc,,auc,raw.krx_auction_monthly,raw.krx_auction_monthly,hgst_ord_prc,db_time_indexed_asof_join,,,"non_null=1721, coverage_rate=0.8072232645403377",1721,73,,Base all_in feature carried forward.,,,
193,auc_lwst_ord_prc,,auc,raw.krx_auction_monthly,raw.krx_auction_monthly,lwst_ord_prc,db_time_indexed_asof_join,,,"non_null=1721, coverage_rate=0.8072232645403377",1721,60,,Base all_in feature carried forward.,,,
194,auc_acc_trdvol,,auc,raw.krx_auction_monthly,raw.krx_auction_monthly,acc_trdvol,db_time_indexed_asof_join,,,"non_null=1721, coverage_rate=0.8072232645403377",1721,63,,Base all_in feature carried forward.,,,
195,auc_clsprc,,auc,raw.krx_auction_monthly,raw.krx_auction_monthly,clsprc,db_time_indexed_asof_join,,,"non_null=1721, coverage_rate=0.8072232645403377",1721,70,,Base all_in feature carried forward.,,,
196,mkt_period,,mkt,raw.krx_ets_daily,raw.krx_ets_daily,period,db_time_indexed_asof_join,,,"non_null=2132, coverage_rate=1.0",2132,4,,Base all_in feature carried forward.,,,
197,mkt_clsprc,,mkt,raw.krx_ets_daily,raw.krx_ets_daily,clsprc,db_time_indexed_asof_join,,,"non_null=2132, coverage_rate=1.0",2132,1107,,Base all_in feature carried forward.,,,
198,mkt_chgh,,mkt,raw.krx_ets_daily,raw.krx_ets_daily,chgh,db_time_indexed_asof_join,,,"non_null=2132, coverage_rate=1.0",2132,304,,Base all_in feature carried forward.,,,
199,mkt_chgh_rt,,mkt,raw.krx_ets_daily,raw.krx_ets_daily,chgh_rt,db_time_indexed_asof_join,,,"non_null=2132, coverage_rate=1.0",2132,1020,,Base all_in feature carried forward.,,,
200,mkt_opr,,mkt,raw.krx_ets_daily,raw.krx_ets_daily,opr,db_time_indexed_asof_join,,,"non_null=2132, coverage_rate=1.0",2132,923,,Base all_in feature carried forward.,,,
201,mkt_hpr,,mkt,raw.krx_ets_daily,raw.krx_ets_daily,hpr,db_time_indexed_asof_join,,,"non_null=2132, coverage_rate=1.0",2132,922,,Base all_in feature carried forward.,,,
202,mkt_lpr,,mkt,raw.krx_ets_daily,raw.krx_ets_daily,lpr,db_time_indexed_asof_join,,,"non_null=2132, coverage_rate=1.0",2132,925,,Base all_in feature carried forward.,,,
203,mkt_acc_trdvol,,mkt,raw.krx_ets_daily,raw.krx_ets_daily,acc_trdvol,db_time_indexed_asof_join,,,"non_null=2132, coverage_rate=1.0",2132,1725,,Base all_in feature carried forward.,,,
204,mkt_acc_trdval,,mkt,raw.krx_ets_daily,raw.krx_ets_daily,acc_trdval,db_time_indexed_asof_join,,,"non_null=2132, coverage_rate=1.0",2132,2105,,Base all_in feature carried forward.,,,
205,mkt_vwap_2,,mkt,raw.krx_ets_daily,raw.krx_ets_daily,vwap,db_time_indexed_asof_join,,,"non_null=2132, coverage_rate=1.0",2132,1848,,Base all_in feature carried forward.,,,
206,pol_period_16,,pol,raw.kwater_emissions,raw.kwater_emissions,period,db_time_indexed_asof_join,,,"non_null=2124, coverage_rate=0.9962476547842402",2124,3,,Base all_in feature carried forward.,,,
207,pol_allowance_qty,,pol,raw.kwater_emissions,raw.kwater_emissions,allowance_qty,db_time_indexed_asof_join,,,"non_null=2124, coverage_rate=0.9962476547842402",2124,10,,Base all_in feature carried forward.,,,
208,pol_emissions_qty,,pol,raw.kwater_emissions,raw.kwater_emissions,emissions_qty,db_time_indexed_asof_join,,,"non_null=2124, coverage_rate=0.9962476547842402",2124,10,,Base all_in feature carried forward.,,,
209,pol_compliance_qty,,pol,raw.kwater_emissions,raw.kwater_emissions,compliance_qty,db_time_indexed_asof_join,,,"non_null=2124, coverage_rate=0.9962476547842402",2124,10,,Base all_in feature carried forward.,,,
210,pol_compliance_rate,,pol,raw.kwater_emissions,raw.kwater_emissions,compliance_rate,db_time_indexed_asof_join,,,"non_null=1562, coverage_rate=0.7326454033771107",1562,1,,Base all_in feature carried forward.,,,
211,ext_period_2,,ext,raw.macro_indicators,raw.macro_indicators,period,db_time_indexed_asof_join,,,"non_null=2132, coverage_rate=1.0",2132,4,,Base all_in feature carried forward.,,,
212,ext_kospi,,ext,raw.macro_indicators,raw.macro_indicators,kospi,db_time_indexed_asof_join,,,"non_null=2129, coverage_rate=0.99859287054409",2129,2112,,Base all_in feature carried forward.,,,
213,ext_usdkrw,,ext,raw.macro_indicators,raw.macro_indicators,usdkrw,db_time_indexed_asof_join,,,"non_null=2127, coverage_rate=0.99765478424015",2127,2056,,Base all_in feature carried forward.,,,
214,ext_value,,ext,raw.macro_market_indicator_daily,raw.macro_market_indicator_daily,value,db_time_indexed_asof_join,,,"non_null=2132, coverage_rate=1.0",2132,2132,,Base all_in feature carried forward.,,,
215,fuel_period_2,,fuel,raw.oil_daily,raw.oil_daily,period,db_time_indexed_asof_join,,,"non_null=2132, coverage_rate=1.0",2132,4,,Base all_in feature carried forward.,,,
216,fuel_wti,,fuel,raw.oil_daily,raw.oil_daily,wti,db_time_indexed_asof_join,,,"non_null=2131, coverage_rate=0.99953095684803",2131,1744,,Base all_in feature carried forward.,,,
217,fuel_brent,,fuel,raw.oil_daily,raw.oil_daily,brent,db_time_indexed_asof_join,,,"non_null=2132, coverage_rate=1.0",2132,1728,,Base all_in feature carried forward.,,,
218,nlp_finbert_neg_60d,FinBERT 부정 확률 60일 평균,nlp_finbert,runpod_gpu_inference,data/processed/features/kfinbert/kfinbert_trade_features.parquet,nlp_kfinbert_neg_prob_mean_60d,FinBERT 부정 확률 60일 평균,article asof_date <= trd_dd; published_date + 1 calendar day; backward merge_asof; 60d rolling aggregate,published_date + 1 calendar day,"non_null=919, coverage_rate=0.43105065666041276",919,820,negative/stress proxy; sign is empirical in scarcity-driven carbon markets,FinBERT 부정 확률 60일 평균,Korean financial-domain article sentiment summarizes carbon-market news tone and policy/market attention over a disclosure-safe 60d window.,FinBERT 60d feature retained after materialization and as-of validation; model rerun results remain reference-only unless explicitly adopted.,financial news sentiment; investor attention; policy attention; carbon market information flow
219,nlp_finbert_pos_60d,FinBERT 긍정 확률 60일 평균,nlp_finbert,runpod_gpu_inference,data/processed/features/kfinbert/kfinbert_trade_features.parquet,nlp_kfinbert_pos_prob_mean_60d,FinBERT 긍정 확률 60일 평균,article asof_date <= trd_dd; published_date + 1 calendar day; backward merge_asof; 60d rolling aggregate,published_date + 1 calendar day,"non_null=919, coverage_rate=0.43105065666041276",919,820,positive/optimism proxy; sign is empirical,FinBERT 긍정 확률 60일 평균,Korean financial-domain article sentiment summarizes carbon-market news tone and policy/market attention over a disclosure-safe 60d window.,FinBERT 60d feature retained after materialization and as-of validation; model rerun results remain reference-only unless explicitly adopted.,financial news sentiment; investor attention; policy attention; carbon market information flow
220,nlp_finbert_sent_60d,FinBERT 감성 점수 60일 평균,nlp_finbert,runpod_gpu_inference,data/processed/features/kfinbert/kfinbert_trade_features.parquet,nlp_kfinbert_sent_score_mean_60d,FinBERT 감성 점수 60일 평균,article asof_date <= trd_dd; published_date + 1 calendar day; backward merge_asof; 60d rolling aggregate,published_date + 1 calendar day,"non_null=919, coverage_rate=0.43105065666041276",919,820,positive minus negative sentiment; expected positive if favorable news dominates,FinBERT 감성 점수 60일 평균,Korean financial-domain article sentiment summarizes carbon-market news tone and policy/market attention over a disclosure-safe 60d window.,FinBERT 60d feature retained after materialization and as-of validation; model rerun results remain reference-only unless explicitly adopted.,financial news sentiment; investor attention; policy attention; carbon market information flow
221,nlp_finbert_spread_60d,FinBERT 부정-긍정 스프레드 60일 평균,nlp_finbert,runpod_gpu_inference,data/processed/features/kfinbert/kfinbert_trade_features.parquet,nlp_kfinbert_neg_pos_spread_mean_60d,FinBERT 부정-긍정 스프레드 60일 평균,article asof_date <= trd_dd; published_date + 1 calendar day; backward merge_asof; 60d rolling aggregate,published_date + 1 calendar day,"non_null=919, coverage_rate=0.43105065666041276",919,820,negative minus positive sentiment; stress/scarcity proxy,FinBERT 부정-긍정 스프레드 60일 평균,Korean financial-domain article sentiment summarizes carbon-market news tone and policy/market attention over a disclosure-safe 60d window.,FinBERT 60d feature retained after materialization and as-of validation; model rerun results remain reference-only unless explicitly adopted.,financial news sentiment; investor attention; policy attention; carbon market information flow
222,nlp_finbert_count_60d,FinBERT 기사 수 60일 합계,nlp_finbert,runpod_gpu_inference,data/processed/features/kfinbert/kfinbert_trade_features.parquet,nlp_kfinbert_article_count_60d,FinBERT 기사 수 60일 합계,article asof_date <= trd_dd; published_date + 1 calendar day; backward merge_asof; 60d rolling aggregate,published_date + 1 calendar day,"non_null=2116, coverage_rate=0.9924953095684803",2116,176,attention/coverage volume proxy; sign ambiguous,FinBERT 기사 수 60일 합계,Korean financial-domain article sentiment summarizes carbon-market news tone and policy/market attention over a disclosure-safe 60d window.,FinBERT 60d feature retained after materialization and as-of validation; model rerun results remain reference-only unless explicitly adopted.,financial news sentiment; investor attention; policy attention; carbon market information flow
