feature,feature_group,source,source_column,included,reason,non_null_count,coverage_rate,nunique,all_missing,constant,all_in_set,model_use,feature_label_ko,asof_rule
mkt_vol_ma60,market_microstructure,current_pm_final,mkt_vol_ma60,True,existing_pm_final_predictor,2112,0.9906191369606004,2111,False,False,all_in_finbert_60d,,,
fuel_lng_krwkwh,power_energy,current_pm_final,fuel_lng_krwkwh,True,existing_pm_final_predictor,2128,0.99812382739212,124,False,False,all_in_finbert_60d,,,
fuel_anth_krwkwh,power_energy,current_pm_final,fuel_anth_krwkwh,True,existing_pm_final_predictor,2128,0.99812382739212,124,False,False,all_in_finbert_60d,,,
pwr_peak_dem_mw,power_energy,current_pm_final,pwr_peak_dem_mw,True,existing_pm_final_predictor,2132,1.0,1992,False,False,all_in_finbert_60d,,,
pwr_coal_gas_gwh,power_energy,current_pm_final,pwr_coal_gas_gwh,True,existing_pm_final_predictor,2128,0.99812382739212,103,False,False,all_in_finbert_60d,,,
pwr_hydro_gwh,power_energy,current_pm_final,pwr_hydro_gwh,True,existing_pm_final_predictor,2128,0.99812382739212,124,False,False,all_in_finbert_60d,,,
pwr_mkt_tot_gwh,power_energy,current_pm_final,pwr_mkt_tot_gwh,True,existing_pm_final_predictor,2128,0.99812382739212,124,False,False,all_in_finbert_60d,,,
pwr_nuke_gwh,power_energy,current_pm_final,pwr_nuke_gwh,True,existing_pm_final_predictor,2128,0.99812382739212,124,False,False,all_in_finbert_60d,,,
pwr_waste_gwh,power_energy,current_pm_final,pwr_waste_gwh,True,existing_pm_final_predictor,2128,0.99812382739212,63,False,False,all_in_finbert_60d,,,
pwr_wind_gwh,power_energy,current_pm_final,pwr_wind_gwh,True,existing_pm_final_predictor,2128,0.99812382739212,124,False,False,all_in_finbert_60d,,,
pwr_smp_jeju_krwkwh,power_energy,current_pm_final,pwr_smp_jeju_krwkwh,True,existing_pm_final_predictor,2128,0.99812382739212,123,False,False,all_in_finbert_60d,,,
wx_nat_cdd18,weather,current_pm_final,wx_nat_cdd18,True,existing_pm_final_predictor,2132,1.0,696,False,False,all_in_finbert_60d,,,
wx_nat_hdd18,weather,current_pm_final,wx_nat_hdd18,True,existing_pm_final_predictor,2132,1.0,875,False,False,all_in_finbert_60d,,,
wx_nat_avg_rh,weather,current_pm_final,wx_nat_avg_rh,True,existing_pm_final_predictor,2132,1.0,1528,False,False,all_in_finbert_60d,,,
mkt_vwap,market_microstructure,current_pm_final,mkt_vwap,True,existing_pm_final_predictor,2132,1.0,1907,False,False,all_in_finbert_60d,,,
mkt_vwap_lag1,market_microstructure,current_pm_final,mkt_vwap_lag1,True,existing_pm_final_predictor,2131,0.99953095684803,1906,False,False,all_in_finbert_60d,,,
mkt_vwap_lag20,market_microstructure,current_pm_final,mkt_vwap_lag20,True,existing_pm_final_predictor,2112,0.9906191369606004,1887,False,False,all_in_finbert_60d,,,
mkt_vwap_lag5,market_microstructure,current_pm_final,mkt_vwap_lag5,True,existing_pm_final_predictor,2127,0.99765478424015,1902,False,False,all_in_finbert_60d,,,
mkt_max_vwap,market_microstructure,current_pm_final,mkt_max_vwap,True,existing_pm_final_predictor,2132,1.0,1720,False,False,all_in_finbert_60d,,,
mkt_min_vwap,market_microstructure,current_pm_final,mkt_min_vwap,True,existing_pm_final_predictor,2132,1.0,1752,False,False,all_in_finbert_60d,,,
mkt_blend,market_microstructure,current_pm_final,mkt_blend,True,existing_pm_final_predictor,2132,1.0,2,False,False,all_in_finbert_60d,,,
mkt_vwap_rng,market_microstructure,current_pm_final,mkt_vwap_rng,True,existing_pm_final_predictor,2132,1.0,218,False,False,all_in_finbert_60d,,,
fuel_lng_krwton,power_energy,current_pm_final,fuel_lng_krwton,True,existing_pm_final_predictor,2128,0.99812382739212,124,False,False,all_in_finbert_60d,,,
fuel_heat_lng_krwgcal,power_energy,current_pm_final,fuel_heat_lng_krwgcal,True,existing_pm_final_predictor,2128,0.99812382739212,124,False,False,all_in_finbert_60d,,,
pwr_smp_land_krwkwh,power_energy,current_pm_final,pwr_smp_land_krwkwh,True,existing_pm_final_predictor,2128,0.99812382739212,124,False,False,all_in_finbert_60d,,,
pwr_smp_total_krwkwh,power_energy,current_pm_final,pwr_smp_total_krwkwh,True,existing_pm_final_predictor,2128,0.99812382739212,122,False,False,all_in_finbert_60d,,,
fuel_heat_anth_krwgcal,power_energy,current_pm_final,fuel_heat_anth_krwgcal,True,existing_pm_final_predictor,2128,0.99812382739212,124,False,False,all_in_finbert_60d,,,
wx_nat_avg_temp_c,weather,current_pm_final,wx_nat_avg_temp_c,True,existing_pm_final_predictor,2132,1.0,1340,False,False,all_in_finbert_60d,,,
wx_nat_max_temp_c,weather,current_pm_final,wx_nat_max_temp_c,True,existing_pm_final_predictor,2132,1.0,1321,False,False,all_in_finbert_60d,,,
wx_nat_min_temp_c,weather,current_pm_final,wx_nat_min_temp_c,True,existing_pm_final_predictor,2132,1.0,1344,False,False,all_in_finbert_60d,,,
wx_stn_avg_temp_c,weather,current_pm_final,wx_stn_avg_temp_c,True,existing_pm_final_predictor,2132,1.0,1350,False,False,all_in_finbert_60d,,,
wx_stn_cdd18,weather,current_pm_final,wx_stn_cdd18,True,existing_pm_final_predictor,2132,1.0,696,False,False,all_in_finbert_60d,,,
wx_stn_hdd18,weather,current_pm_final,wx_stn_hdd18,True,existing_pm_final_predictor,2132,1.0,876,False,False,all_in_finbert_60d,,,
wx_stn_max_temp_c,weather,current_pm_final,wx_stn_max_temp_c,True,existing_pm_final_predictor,2132,1.0,1322,False,False,all_in_finbert_60d,,,
wx_stn_min_temp_c,weather,current_pm_final,wx_stn_min_temp_c,True,existing_pm_final_predictor,2132,1.0,1357,False,False,all_in_finbert_60d,,,
wx_stn_avg_rh,weather,current_pm_final,wx_stn_avg_rh,True,existing_pm_final_predictor,2132,1.0,1530,False,False,all_in_finbert_60d,,,
mkt_daily_logret,market_microstructure,current_pm_final,mkt_daily_logret,True,existing_pm_final_predictor,2131,0.99953095684803,2019,False,False,all_in_finbert_60d,,,
mkt_logret_lag1,market_microstructure,current_pm_final,mkt_logret_lag1,True,existing_pm_final_predictor,2130,0.99906191369606,2018,False,False,all_in_finbert_60d,,,
mkt_logret_lag5,market_microstructure,current_pm_final,mkt_logret_lag5,True,existing_pm_final_predictor,2126,0.99718574108818,2014,False,False,all_in_finbert_60d,,,
mkt_logret_ma20,market_microstructure,current_pm_final,mkt_logret_ma20,True,existing_pm_final_predictor,2125,0.99671669793621,2078,False,False,all_in_finbert_60d,,,
mkt_logret_ma5,market_microstructure,current_pm_final,mkt_logret_ma5,True,existing_pm_final_predictor,2129,0.99859287054409,2072,False,False,all_in_finbert_60d,,,
mkt_logret_ma60,market_microstructure,current_pm_final,mkt_logret_ma60,True,existing_pm_final_predictor,2111,0.9901500938086304,2075,False,False,all_in_finbert_60d,,,
mkt_logret_vol_20d,market_microstructure,current_pm_final,mkt_logret_vol_20d,True,existing_pm_final_predictor,2125,0.99671669793621,2097,False,False,all_in_finbert_60d,,,
mkt_vol,market_microstructure,current_pm_final,mkt_vol,True,existing_pm_final_predictor,2132,1.0,1725,False,False,all_in_finbert_60d,,,
mkt_vol_log1p,market_microstructure,current_pm_final,mkt_vol_log1p,True,existing_pm_final_predictor,2132,1.0,1725,False,False,all_in_finbert_60d,,,
mkt_vol_lag1,market_microstructure,current_pm_final,mkt_vol_lag1,True,existing_pm_final_predictor,2131,0.99953095684803,1724,False,False,all_in_finbert_60d,,,
mkt_vol_lag20,market_microstructure,current_pm_final,mkt_vol_lag20,True,existing_pm_final_predictor,2112,0.9906191369606004,1705,False,False,all_in_finbert_60d,,,
mkt_vol_lag5,market_microstructure,current_pm_final,mkt_vol_lag5,True,existing_pm_final_predictor,2127,0.99765478424015,1720,False,False,all_in_finbert_60d,,,
mkt_vol_lag60,market_microstructure,current_pm_final,mkt_vol_lag60,True,existing_pm_final_predictor,2072,0.9718574108818012,1666,False,False,all_in_finbert_60d,,,
mkt_vol_ma20,market_microstructure,current_pm_final,mkt_vol_ma20,True,existing_pm_final_predictor,2126,0.99718574108818,2124,False,False,all_in_finbert_60d,,,
mkt_vol_ma5,market_microstructure,current_pm_final,mkt_vol_ma5,True,existing_pm_final_predictor,2130,0.99906191369606,2124,False,False,all_in_finbert_60d,,,
mkt_vol_std20,market_microstructure,current_pm_final,mkt_vol_std20,True,existing_pm_final_predictor,2126,0.99718574108818,2121,False,False,all_in_finbert_60d,,,
mkt_vol_std60,market_microstructure,current_pm_final,mkt_vol_std60,True,existing_pm_final_predictor,2112,0.9906191369606004,2109,False,False,all_in_finbert_60d,,,
fuel_bitum_coal_krwkwh,power_energy,current_pm_final,fuel_bitum_coal_krwkwh,True,existing_pm_final_predictor,2128,0.99812382739212,123,False,False,all_in_finbert_60d,,,
fuel_oil_krwkwh,power_energy,current_pm_final,fuel_oil_krwkwh,True,existing_pm_final_predictor,2128,0.99812382739212,123,False,False,all_in_finbert_60d,,,
fuel_bitum_coal_krwton,power_energy,current_pm_final,fuel_bitum_coal_krwton,True,existing_pm_final_predictor,2128,0.99812382739212,124,False,False,all_in_finbert_60d,,,
fuel_oil_krw_per_kl,power_energy,current_pm_final,fuel_oil_krw_per_kl,True,existing_pm_final_predictor,2128,0.99812382739212,124,False,False,all_in_finbert_60d,,,
fuel_heat_bitum_coal_krwgcal,power_energy,current_pm_final,fuel_heat_bitum_coal_krwgcal,True,existing_pm_final_predictor,2128,0.99812382739212,124,False,False,all_in_finbert_60d,,,
fuel_heat_oil_krwgcal,power_energy,current_pm_final,fuel_heat_oil_krwgcal,True,existing_pm_final_predictor,2128,0.99812382739212,124,False,False,all_in_finbert_60d,,,
pwr_day,power_energy,current_pm_final,pwr_day,True,existing_pm_final_predictor,2132,1.0,31,False,False,all_in_finbert_60d,,,
pwr_resv_cap_mw,power_energy,current_pm_final,pwr_resv_cap_mw,True,existing_pm_final_predictor,2132,1.0,1971,False,False,all_in_finbert_60d,,,
pwr_resv_mgn_pct,power_energy,current_pm_final,pwr_resv_mgn_pct,True,existing_pm_final_predictor,2132,1.0,468,False,False,all_in_finbert_60d,,,
pwr_sup_cap_mw,power_energy,current_pm_final,pwr_sup_cap_mw,True,existing_pm_final_predictor,2132,1.0,1993,False,False,all_in_finbert_60d,,,
pwr_anth_gwh,power_energy,current_pm_final,pwr_anth_gwh,True,existing_pm_final_predictor,2128,0.99812382739212,121,False,False,all_in_finbert_60d,,,
pwr_bio_gwh,power_energy,current_pm_final,pwr_bio_gwh,True,existing_pm_final_predictor,2128,0.99812382739212,124,False,False,all_in_finbert_60d,,,
pwr_bitum_coal_gwh,power_energy,current_pm_final,pwr_bitum_coal_gwh,True,existing_pm_final_predictor,2128,0.99812382739212,124,False,False,all_in_finbert_60d,,,
pwr_coal_total_gwh,power_energy,current_pm_final,pwr_coal_total_gwh,True,existing_pm_final_predictor,2128,0.99812382739212,124,False,False,all_in_finbert_60d,,,
pwr_lng_gwh,power_energy,current_pm_final,pwr_lng_gwh,True,existing_pm_final_predictor,2128,0.99812382739212,124,False,False,all_in_finbert_60d,,,
pwr_market_ppa_total_gwh,power_energy,current_pm_final,pwr_market_ppa_total_gwh,True,existing_pm_final_predictor,2128,0.99812382739212,124,False,False,all_in_finbert_60d,,,
pwr_ocean_gwh,power_energy,current_pm_final,pwr_ocean_gwh,True,existing_pm_final_predictor,2128,0.99812382739212,116,False,False,all_in_finbert_60d,,,
pwr_oil_gwh,power_energy,current_pm_final,pwr_oil_gwh,True,existing_pm_final_predictor,2128,0.99812382739212,124,False,False,all_in_finbert_60d,,,
pwr_other_gwh,power_energy,current_pm_final,pwr_other_gwh,True,existing_pm_final_predictor,2128,0.99812382739212,124,False,False,all_in_finbert_60d,,,
pwr_pumped_storage_gwh,power_energy,current_pm_final,pwr_pumped_storage_gwh,True,existing_pm_final_predictor,2128,0.99812382739212,124,False,False,all_in_finbert_60d,,,
pwr_renewable_total_gwh,power_energy,current_pm_final,pwr_renewable_total_gwh,True,existing_pm_final_predictor,2128,0.99812382739212,124,False,False,all_in_finbert_60d,,,
pwr_solar_gwh,power_energy,current_pm_final,pwr_solar_gwh,True,existing_pm_final_predictor,2128,0.99812382739212,124,False,False,all_in_finbert_60d,,,
wx_nat_is_precip_day,weather,current_pm_final,wx_nat_is_precip_day,True,existing_pm_final_predictor,2132,1.0,7,False,False,all_in_finbert_60d,,,
wx_nat_precip_mm,weather,current_pm_final,wx_nat_precip_mm,True,existing_pm_final_predictor,2132,1.0,594,False,False,all_in_finbert_60d,,,
wx_nat_sunshine_hours,weather,current_pm_final,wx_nat_sunshine_hours,True,existing_pm_final_predictor,2132,1.0,839,False,False,all_in_finbert_60d,,,
wx_stn_is_precip_day,weather,current_pm_final,wx_stn_is_precip_day,True,existing_pm_final_predictor,2132,1.0,7,False,False,all_in_finbert_60d,,,
wx_stn_precip_mm,weather,current_pm_final,wx_stn_precip_mm,True,existing_pm_final_predictor,2132,1.0,596,False,False,all_in_finbert_60d,,,
wx_stn_sunshine_hours,weather,current_pm_final,wx_stn_sunshine_hours,True,existing_pm_final_predictor,2132,1.0,845,False,False,all_in_finbert_60d,,,
ext_us10y_z60,external_market,current_pm_final,ext_us10y_z60,True,existing_pm_final_predictor,2128,0.99812382739212,2066,False,False,all_in_finbert_60d,,,
ext_us10y_chg20,external_market,current_pm_final,ext_us10y_chg20,True,existing_pm_final_predictor,2128,0.99812382739212,1630,False,False,all_in_finbert_60d,,,
ext_kr10y_chg20,external_market,current_pm_final,ext_kr10y_chg20,True,existing_pm_final_predictor,2128,0.99812382739212,1166,False,False,all_in_finbert_60d,,,
ext_kr10y_z60,external_market,current_pm_final,ext_kr10y_z60,True,existing_pm_final_predictor,2128,0.99812382739212,2128,False,False,all_in_finbert_60d,,,
ext_sp500_z60,external_market,current_pm_final,ext_sp500_z60,True,existing_pm_final_predictor,2128,0.99812382739212,2066,False,False,all_in_finbert_60d,,,
ext_vkospi_z60,external_market,current_pm_final,ext_vkospi_z60,True,existing_pm_final_predictor,2128,0.99812382739212,2128,False,False,all_in_finbert_60d,,,
ext_gold_z60,external_market,current_pm_final,ext_gold_z60,True,existing_pm_final_predictor,2128,0.99812382739212,2067,False,False,all_in_finbert_60d,,,
ext_gold_ret20,external_market,current_pm_final,ext_gold_ret20,True,existing_pm_final_predictor,2128,0.99812382739212,2065,False,False,all_in_finbert_60d,,,
ext_vkospi_chg20,external_market,current_pm_final,ext_vkospi_chg20,True,existing_pm_final_predictor,2128,0.99812382739212,1483,False,False,all_in_finbert_60d,,,
fx_usdkrw_ret20,external_market,current_pm_final,fx_usdkrw_ret20,True,existing_pm_final_predictor,2128,0.99812382739212,2123,False,False,all_in_finbert_60d,,,
ext_kospi_z60,external_market,current_pm_final,ext_kospi_z60,True,existing_pm_final_predictor,2128,0.99812382739212,2125,False,False,all_in_finbert_60d,,,
fx_usdkrw_z60,external_market,current_pm_final,fx_usdkrw_z60,True,existing_pm_final_predictor,2128,0.99812382739212,2123,False,False,all_in_finbert_60d,,,
ext_kospi_ret20,external_market,current_pm_final,ext_kospi_ret20,True,existing_pm_final_predictor,2128,0.99812382739212,2125,False,False,all_in_finbert_60d,,,
ext_sp500_ret20,external_market,current_pm_final,ext_sp500_ret20,True,existing_pm_final_predictor,2128,0.99812382739212,2066,False,False,all_in_finbert_60d,,,
ext_vix_z60,external_market,current_pm_final,ext_vix_z60,True,existing_pm_final_predictor,2128,0.99812382739212,2066,False,False,all_in_finbert_60d,,,
ext_vix_chg20,external_market,current_pm_final,ext_vix_chg20,True,existing_pm_final_predictor,2128,0.99812382739212,1514,False,False,all_in_finbert_60d,,,
mkt_n_vint,market_microstructure,current_pm_final,mkt_n_vint,True,existing_pm_final_predictor,2132,1.0,3,False,False,all_in_finbert_60d,,,
mkt_log_vwap,market_microstructure,current_pm_final,mkt_log_vwap,True,existing_pm_final_predictor,2132,1.0,1907,False,False,all_in_finbert_60d,,,
mkt_vwap_lag60,market_microstructure,current_pm_final,mkt_vwap_lag60,True,existing_pm_final_predictor,2072,0.9718574108818012,1847,False,False,all_in_finbert_60d,,,
pol_comp_attn,policy_compliance,current_pm_final,pol_comp_attn,True,existing_pm_final_predictor,2132,1.0,829,False,False,all_in_finbert_60d,,,
pol_comp_deadline_w,policy_compliance,current_pm_final,pol_comp_deadline_w,True,existing_pm_final_predictor,2132,1.0,46,False,False,all_in_finbert_60d,,,
compliance_deadline_calendar_weight,nlp,features/nlp_final/nlp_final_features.parquet,compliance_deadline_calendar_weight,True,materialized_row_level_nlp_feature,2132,1.0,46,False,False,all_in_finbert_60d,,,
compliance_deadline_attention,nlp,features/nlp_final/nlp_final_features.parquet,compliance_deadline_attention,True,materialized_row_level_nlp_feature,2132,1.0,829,False,False,all_in_finbert_60d,,,
news_text_v2_core_net_tightening_ratio_60d,nlp,features/nlp_final/nlp_final_features.parquet,news_text_v2_core_net_tightening_ratio_60d,True,materialized_row_level_nlp_feature,919,0.4310506566604127,720,False,False,all_in_finbert_60d,,,
news_text_v2_net_tightening_ratio_60d,nlp,features/nlp_final/nlp_final_features.parquet,news_text_v2_net_tightening_ratio_60d,True,materialized_row_level_nlp_feature,919,0.4310506566604127,721,False,False,all_in_finbert_60d,,,
news_text_v2_net_tightening_ratio_30d,nlp,features/nlp_final/nlp_final_features.parquet,news_text_v2_net_tightening_ratio_30d,True,materialized_row_level_nlp_feature,881,0.4132270168855534,662,False,False,all_in_finbert_60d,,,
news_text_v2_core_net_tightening_ratio_30d,nlp,features/nlp_final/nlp_final_features.parquet,news_text_v2_core_net_tightening_ratio_30d,True,materialized_row_level_nlp_feature,881,0.4132270168855534,647,False,False,all_in_finbert_60d,,,
news_text_v2_compliance_tightening_ratio_30d,nlp,features/nlp_final/nlp_final_features.parquet,news_text_v2_compliance_tightening_ratio_30d,True,materialized_row_level_nlp_feature,869,0.4075984990619137,279,False,False,all_in_finbert_60d,,,
news_text_v2_market_stress_ratio_30d,nlp,features/nlp_final/nlp_final_features.parquet,news_text_v2_market_stress_ratio_30d,True,materialized_row_level_nlp_feature,881,0.4132270168855534,518,False,False,all_in_finbert_60d,,,
search_kau_intensity_level,nlp,features/nlp_final/nlp_final_features.parquet,search_kau_intensity_level,True,materialized_row_level_nlp_feature,2124,0.9962476547842402,754,False,False,all_in_finbert_60d,,,
search_kau_intensity_shock,nlp,features/nlp_final/nlp_final_features.parquet,search_kau_intensity_shock,True,materialized_row_level_nlp_feature,2124,0.9962476547842402,2114,False,False,all_in_finbert_60d,,,
search_kau_intensity_percentile_60d,nlp,features/nlp_final/nlp_final_features.parquet,search_kau_intensity_percentile_60d,True,materialized_row_level_nlp_feature,2124,0.9962476547842402,120,False,False,all_in_finbert_60d,,,
search_kau_intensity_ratio_20d,nlp,features/nlp_final/nlp_final_features.parquet,search_kau_intensity_ratio_20d,True,materialized_row_level_nlp_feature,2124,0.9962476547842402,2124,False,False,all_in_finbert_60d,,,
gov_policy_tightening_index,nlp,features/nlp_final/nlp_final_features.parquet,gov_policy_tightening_index,True,materialized_row_level_nlp_feature,2132,1.0,1545,False,False,all_in_finbert_60d,,,
gov_compliance_policy_attention,nlp,features/nlp_final/nlp_final_features.parquet,gov_compliance_policy_attention,True,materialized_row_level_nlp_feature,2132,1.0,2132,False,False,all_in_finbert_60d,,,
krx_msr_event_indicator,nlp,features/nlp_final/nlp_final_features.parquet,krx_msr_event_indicator,True,materialized_row_level_nlp_feature,2132,1.0,1,False,True,all_in_finbert_60d,,,
news_text_tightening_minus_easing_60d,nlp,features/nlp_final/nlp_final_features.parquet,news_text_tightening_minus_easing_60d,True,materialized_row_level_nlp_feature,2116,0.9924953095684804,67,False,False,all_in_finbert_60d,,,
news_text_tightening_minus_easing_30d,nlp,features/nlp_final/nlp_final_features.parquet,news_text_tightening_minus_easing_30d,True,materialized_row_level_nlp_feature,2116,0.9924953095684804,53,False,False,all_in_finbert_60d,,,
fuel_period,fuel,raw.commodities_monthly,period,True,db_time_indexed_asof_join,2132,1.0,4,False,False,all_in_finbert_60d,,,
fuel_lng_japan,fuel,raw.commodities_monthly,lng_japan,True,db_time_indexed_asof_join,2132,1.0,127,False,False,all_in_finbert_60d,,,
fuel_natgas_europe,fuel,raw.commodities_monthly,natgas_europe,True,db_time_indexed_asof_join,2132,1.0,127,False,False,all_in_finbert_60d,,,
fuel_coal_newcastle,fuel,raw.commodities_monthly,coal_newcastle,True,db_time_indexed_asof_join,2132,1.0,127,False,False,all_in_finbert_60d,,,
pwr_fuel_price_nuclear_krw_per_k,pwr,raw.epsis_fuel_cost_monthly,fuel_price_nuclear_krw_per_kwh,True,db_time_indexed_asof_join,2128,0.99812382739212,100,False,False,all_in_finbert_60d,,,
pwr_fuel_price_anthracite_krw_pe,pwr,raw.epsis_fuel_cost_monthly,fuel_price_anthracite_krw_per_ton,True,db_time_indexed_asof_join,2128,0.99812382739212,117,False,False,all_in_finbert_60d,,,
pwr_heat_price_nuclear_krw_per_g,pwr,raw.epsis_fuel_cost_monthly,heat_price_nuclear_krw_per_gcal,True,db_time_indexed_asof_join,2128,0.99812382739212,122,False,False,all_in_finbert_60d,,,
pwr_fuel_cost_nuclear_krw_per_kw,pwr,raw.epsis_fuel_cost_monthly,fuel_cost_nuclear_krw_per_kwh,True,db_time_indexed_asof_join,2128,0.99812382739212,100,False,False,all_in_finbert_60d,,,
pwr_installed_capacity_mw,pwr,raw.epsis_power_supply_daily,installed_capacity_mw,True,db_time_indexed_asof_join,2132,1.0,272,False,False,all_in_finbert_60d,,,
pwr_minimum_demand_mw,pwr,raw.epsis_power_supply_daily,minimum_demand_mw,True,db_time_indexed_asof_join,2132,1.0,27,False,False,all_in_finbert_60d,,,
pwr_trade_volume_ppa_total_gwh,pwr,raw.epsis_power_trade_volume_monthly,trade_volume_ppa_total_gwh,True,db_time_indexed_asof_join,2128,0.99812382739212,73,False,False,all_in_finbert_60d,,,
pwr_trade_volume_fuel_cell_gwh,pwr,raw.epsis_power_trade_volume_monthly,trade_volume_fuel_cell_gwh,True,db_time_indexed_asof_join,2128,0.99812382739212,124,False,False,all_in_finbert_60d,,,
pwr_blmp_krw_per_kwh,pwr,raw.epsis_smp_monthly,blmp_krw_per_kwh,True,db_time_indexed_asof_join,2128,0.99812382739212,1,False,True,all_in_finbert_60d,,,
ext_clsprc,ext,raw.eua_daily,clsprc,True,db_time_indexed_asof_join,2132,1.0,1758,False,False,all_in_finbert_60d,,,
ext_opr,ext,raw.eua_daily,opr,True,db_time_indexed_asof_join,2132,1.0,1705,False,False,all_in_finbert_60d,,,
ext_hpr,ext,raw.eua_daily,hpr,True,db_time_indexed_asof_join,2132,1.0,1722,False,False,all_in_finbert_60d,,,
ext_lpr,ext,raw.eua_daily,lpr,True,db_time_indexed_asof_join,2132,1.0,1734,False,False,all_in_finbert_60d,,,
ext_acc_trdvol,ext,raw.eua_daily,acc_trdvol,True,db_time_indexed_asof_join,2132,1.0,1147,False,False,all_in_finbert_60d,,,
ext_period,ext,raw.eua_daily,period,True,db_time_indexed_asof_join,2132,1.0,4,False,False,all_in_finbert_60d,,,
pol_period,pol,raw.gir_additional_allocation,period,True,db_time_indexed_asof_join,2124,0.9962476547842402,1,False,True,all_in_finbert_60d,,,
pol_no,pol,raw.gir_additional_allocation,no,True,db_time_indexed_asof_join,2124,0.9962476547842402,1,False,True,all_in_finbert_60d,,,
pol_allocation_qty,pol,raw.gir_additional_allocation,allocation_qty,True,db_time_indexed_asof_join,2124,0.9962476547842402,3,False,False,all_in_finbert_60d,,,
pol_period_2,pol,raw.gir_borrowing,period,True,db_time_indexed_asof_join,2124,0.9962476547842402,3,False,False,all_in_finbert_60d,,,
pol_no_2,pol,raw.gir_borrowing,no,True,db_time_indexed_asof_join,2124,0.9962476547842402,8,False,False,all_in_finbert_60d,,,
pol_borrowing_qty,pol,raw.gir_borrowing,borrowing_qty,True,db_time_indexed_asof_join,2124,0.9962476547842402,8,False,False,all_in_finbert_60d,,,
pol_period_3,pol,raw.gir_cancelled_allocation,period,True,db_time_indexed_asof_join,2124,0.9962476547842402,3,False,False,all_in_finbert_60d,,,
pol_no_3,pol,raw.gir_cancelled_allocation,no,True,db_time_indexed_asof_join,2124,0.9962476547842402,3,False,False,all_in_finbert_60d,,,
pol_cancelled_qty,pol,raw.gir_cancelled_allocation,cancelled_qty,True,db_time_indexed_asof_join,2124,0.9962476547842402,11,False,False,all_in_finbert_60d,,,
pol_period_4,pol,raw.gir_carryover,period,True,db_time_indexed_asof_join,2124,0.9962476547842402,3,False,False,all_in_finbert_60d,,,
pol_no_4,pol,raw.gir_carryover,no,True,db_time_indexed_asof_join,2124,0.9962476547842402,3,False,False,all_in_finbert_60d,,,
pol_carryover_qty,pol,raw.gir_carryover,carryover_qty,True,db_time_indexed_asof_join,2124,0.9962476547842402,3,False,False,all_in_finbert_60d,,,
pol_banking_qty,pol,raw.gir_carryover,banking_qty,True,db_time_indexed_asof_join,2124,0.9962476547842402,3,False,False,all_in_finbert_60d,,,
pol_period_5,pol,raw.gir_certified_emissions,period,True,db_time_indexed_asof_join,2124,0.9962476547842402,3,False,False,all_in_finbert_60d,,,
pol_no_5,pol,raw.gir_certified_emissions,no,True,db_time_indexed_asof_join,2124,0.9962476547842402,11,False,False,all_in_finbert_60d,,,
pol_certified_emissions_qty,pol,raw.gir_certified_emissions,certified_emissions_qty,True,db_time_indexed_asof_join,2124,0.9962476547842402,11,False,False,all_in_finbert_60d,,,
pol_period_7,pol,raw.gir_early_reduction,period,True,db_time_indexed_asof_join,2132,1.0,1,False,True,all_in_finbert_60d,,,
pol_no_7,pol,raw.gir_early_reduction,no,True,db_time_indexed_asof_join,2132,1.0,1,False,True,all_in_finbert_60d,,,
pol_early_reduction_qty,pol,raw.gir_early_reduction,early_reduction_qty,True,db_time_indexed_asof_join,2132,1.0,1,False,True,all_in_finbert_60d,,,
pol_period_8,pol,raw.gir_offset_issuance,period,True,db_time_indexed_asof_join,2124,0.9962476547842402,3,False,False,all_in_finbert_60d,,,
pol_no_9,pol,raw.gir_offset_issuance,no,True,db_time_indexed_asof_join,2124,0.9962476547842402,11,False,False,all_in_finbert_60d,,,
pol_offset_qty,pol,raw.gir_offset_issuance,offset_qty,True,db_time_indexed_asof_join,2124,0.9962476547842402,11,False,False,all_in_finbert_60d,,,
pol_no_10,pol,raw.gir_pre_allocation,no,True,db_time_indexed_asof_join,2132,1.0,4,False,False,all_in_finbert_60d,,,
pol_period_9,pol,raw.gir_pre_allocation,period,True,db_time_indexed_asof_join,2132,1.0,4,False,False,all_in_finbert_60d,,,
pol_pre_allocation_qty,pol,raw.gir_pre_allocation,pre_allocation_qty,True,db_time_indexed_asof_join,2132,1.0,12,False,False,all_in_finbert_60d,,,
pol_period_11,pol,raw.gir_total_allowance,period,True,db_time_indexed_asof_join,2132,1.0,4,False,False,all_in_finbert_60d,,,
pol_total_emissions,pol,raw.gir_total_allowance,total_emissions,True,db_time_indexed_asof_join,2132,1.0,4,False,False,all_in_finbert_60d,,,
pol_total_allowance_qty,pol,raw.gir_total_allowance,total_allowance_qty,True,db_time_indexed_asof_join,2132,1.0,12,False,False,all_in_finbert_60d,,,
pol_period_13,pol,raw.khnp_allocation,period,True,db_time_indexed_asof_join,1300,0.6097560975609756,2,False,False,all_in_finbert_60d,,,
pol_free_allocation_qty,pol,raw.khnp_allocation,free_allocation_qty,True,db_time_indexed_asof_join,1300,0.6097560975609756,3,False,False,all_in_finbert_60d,,,
wx_station_count,wx,raw.kma_asos_weather_daily,station_count,True,db_time_indexed_asof_join,2132,1.0,1,False,True,all_in_finbert_60d,,,
wx_avg_wind_speed_mps,wx,raw.kma_asos_weather_daily,avg_wind_speed_mps,True,db_time_indexed_asof_join,2132,1.0,294,False,False,all_in_finbert_60d,,,
wx_solar_radiation_mj_m2,wx,raw.kma_asos_weather_daily,solar_radiation_mj_m2,True,db_time_indexed_asof_join,2132,1.0,1955,False,False,all_in_finbert_60d,,,
wx_avg_wind_speed_mps_2,wx,raw.kma_asos_weather_station_daily,avg_wind_speed_mps,True,db_time_indexed_asof_join,2132,1.0,294,False,False,all_in_finbert_60d,,,
wx_solar_radiation_mj_m2_2,wx,raw.kma_asos_weather_station_daily,solar_radiation_mj_m2,True,db_time_indexed_asof_join,2132,1.0,1955,False,False,all_in_finbert_60d,,,
pol_period_14,pol,raw.kogas_emissions,period,True,db_time_indexed_asof_join,2066,0.9690431519699813,3,False,False,all_in_finbert_60d,,,
pol_total_emissions_2,pol,raw.kogas_emissions,total_emissions,True,db_time_indexed_asof_join,2066,0.9690431519699813,9,False,False,all_in_finbert_60d,,,
pol_direct_emissions,pol,raw.kogas_emissions,direct_emissions,True,db_time_indexed_asof_join,2066,0.9690431519699813,9,False,False,all_in_finbert_60d,,,
pol_indirect_emissions,pol,raw.kogas_emissions,indirect_emissions,True,db_time_indexed_asof_join,2066,0.9690431519699813,9,False,False,all_in_finbert_60d,,,
pol_period_15,pol,raw.kospo_emissions,period,True,db_time_indexed_asof_join,2124,0.9962476547842402,3,False,False,all_in_finbert_60d,,,
pol_emissions,pol,raw.kospo_emissions,emissions,True,db_time_indexed_asof_join,2124,0.9962476547842402,10,False,False,all_in_finbert_60d,,,
src_period_2,src,raw.kospo_intensity,period,True,db_time_indexed_asof_join,2123,0.9957786116322702,3,False,False,all_in_finbert_60d,,,
src_intensity,src,raw.kospo_intensity,intensity,True,db_time_indexed_asof_join,2123,0.9957786116322702,81,False,False,all_in_finbert_60d,,,
src_period_3,src,raw.kospo_scope3,period,True,db_time_indexed_asof_join,1052,0.4934333958724202,1,False,True,all_in_finbert_60d,,,
src_no_2,src,raw.kospo_scope3,no,True,db_time_indexed_asof_join,1052,0.4934333958724202,4,False,False,all_in_finbert_60d,,,
src_category_count,src,raw.kospo_scope3,category_count,True,db_time_indexed_asof_join,1052,0.4934333958724202,2,False,False,all_in_finbert_60d,,,
src_scope3_emissions,src,raw.kospo_scope3,scope3_emissions,True,db_time_indexed_asof_join,1052,0.4934333958724202,4,False,False,all_in_finbert_60d,,,
auc_period,auc,raw.krx_auction_monthly,period,True,db_time_indexed_asof_join,1721,0.8072232645403377,3,False,False,all_in_finbert_60d,,,
auc_onewayauct_appl_qty,auc,raw.krx_auction_monthly,onewayauct_appl_qty,True,db_time_indexed_asof_join,1721,0.8072232645403377,34,False,False,all_in_finbert_60d,,,
auc_auct_trd_qty,auc,raw.krx_auction_monthly,auct_trd_qty,True,db_time_indexed_asof_join,1721,0.8072232645403377,78,False,False,all_in_finbert_60d,,,
auc_auct_trd_rto,auc,raw.krx_auction_monthly,auct_trd_rto,True,db_time_indexed_asof_join,1721,0.8072232645403377,57,False,False,all_in_finbert_60d,,,
auc_auct_trd_partc_cnt,auc,raw.krx_auction_monthly,auct_trd_partc_cnt,True,db_time_indexed_asof_join,1721,0.8072232645403377,13,False,False,all_in_finbert_60d,,,
auc_acc_trdcnt,auc,raw.krx_auction_monthly,acc_trdcnt,True,db_time_indexed_asof_join,1721,0.8072232645403377,10,False,False,all_in_finbert_60d,,,
auc_hgst_ord_prc,auc,raw.krx_auction_monthly,hgst_ord_prc,True,db_time_indexed_asof_join,1721,0.8072232645403377,73,False,False,all_in_finbert_60d,,,
auc_lwst_ord_prc,auc,raw.krx_auction_monthly,lwst_ord_prc,True,db_time_indexed_asof_join,1721,0.8072232645403377,60,False,False,all_in_finbert_60d,,,
auc_acc_trdvol,auc,raw.krx_auction_monthly,acc_trdvol,True,db_time_indexed_asof_join,1721,0.8072232645403377,63,False,False,all_in_finbert_60d,,,
auc_clsprc,auc,raw.krx_auction_monthly,clsprc,True,db_time_indexed_asof_join,1721,0.8072232645403377,70,False,False,all_in_finbert_60d,,,
mkt_period,mkt,raw.krx_ets_daily,period,True,db_time_indexed_asof_join,2132,1.0,4,False,False,all_in_finbert_60d,,,
mkt_clsprc,mkt,raw.krx_ets_daily,clsprc,True,db_time_indexed_asof_join,2132,1.0,1107,False,False,all_in_finbert_60d,,,
mkt_chgh,mkt,raw.krx_ets_daily,chgh,True,db_time_indexed_asof_join,2132,1.0,304,False,False,all_in_finbert_60d,,,
mkt_chgh_rt,mkt,raw.krx_ets_daily,chgh_rt,True,db_time_indexed_asof_join,2132,1.0,1020,False,False,all_in_finbert_60d,,,
mkt_opr,mkt,raw.krx_ets_daily,opr,True,db_time_indexed_asof_join,2132,1.0,923,False,False,all_in_finbert_60d,,,
mkt_hpr,mkt,raw.krx_ets_daily,hpr,True,db_time_indexed_asof_join,2132,1.0,922,False,False,all_in_finbert_60d,,,
mkt_lpr,mkt,raw.krx_ets_daily,lpr,True,db_time_indexed_asof_join,2132,1.0,925,False,False,all_in_finbert_60d,,,
mkt_acc_trdvol,mkt,raw.krx_ets_daily,acc_trdvol,True,db_time_indexed_asof_join,2132,1.0,1725,False,False,all_in_finbert_60d,,,
mkt_acc_trdval,mkt,raw.krx_ets_daily,acc_trdval,True,db_time_indexed_asof_join,2132,1.0,2105,False,False,all_in_finbert_60d,,,
mkt_vwap_2,mkt,raw.krx_ets_daily,vwap,True,db_time_indexed_asof_join,2132,1.0,1848,False,False,all_in_finbert_60d,,,
pol_period_16,pol,raw.kwater_emissions,period,True,db_time_indexed_asof_join,2124,0.9962476547842402,3,False,False,all_in_finbert_60d,,,
pol_allowance_qty,pol,raw.kwater_emissions,allowance_qty,True,db_time_indexed_asof_join,2124,0.9962476547842402,10,False,False,all_in_finbert_60d,,,
pol_emissions_qty,pol,raw.kwater_emissions,emissions_qty,True,db_time_indexed_asof_join,2124,0.9962476547842402,10,False,False,all_in_finbert_60d,,,
pol_compliance_qty,pol,raw.kwater_emissions,compliance_qty,True,db_time_indexed_asof_join,2124,0.9962476547842402,10,False,False,all_in_finbert_60d,,,
pol_compliance_rate,pol,raw.kwater_emissions,compliance_rate,True,db_time_indexed_asof_join,1562,0.7326454033771107,1,False,True,all_in_finbert_60d,,,
ext_period_2,ext,raw.macro_indicators,period,True,db_time_indexed_asof_join,2132,1.0,4,False,False,all_in_finbert_60d,,,
ext_kospi,ext,raw.macro_indicators,kospi,True,db_time_indexed_asof_join,2129,0.99859287054409,2112,False,False,all_in_finbert_60d,,,
ext_usdkrw,ext,raw.macro_indicators,usdkrw,True,db_time_indexed_asof_join,2127,0.99765478424015,2056,False,False,all_in_finbert_60d,,,
ext_value,ext,raw.macro_market_indicator_daily,value,True,db_time_indexed_asof_join,2132,1.0,2132,False,False,all_in_finbert_60d,,,
fuel_period_2,fuel,raw.oil_daily,period,True,db_time_indexed_asof_join,2132,1.0,4,False,False,all_in_finbert_60d,,,
fuel_wti,fuel,raw.oil_daily,wti,True,db_time_indexed_asof_join,2131,0.99953095684803,1744,False,False,all_in_finbert_60d,,,
fuel_brent,fuel,raw.oil_daily,brent,True,db_time_indexed_asof_join,2132,1.0,1728,False,False,all_in_finbert_60d,,,
nlp_finbert_neg_60d,nlp_finbert,runpod_gpu_inference,nlp_kfinbert_neg_prob_mean_60d,True,selected_finbert_60d_sentiment_feature,919,0.4310506566604127,820,False,False,all_in_finbert_60d,final_main,FinBERT 부정 확률 60일 평균,article asof_date <= trd_dd; published_date + 1 calendar day; backward merge_asof; 60d rolling aggregate
nlp_finbert_pos_60d,nlp_finbert,runpod_gpu_inference,nlp_kfinbert_pos_prob_mean_60d,True,selected_finbert_60d_sentiment_feature,919,0.4310506566604127,820,False,False,all_in_finbert_60d,final_main,FinBERT 긍정 확률 60일 평균,article asof_date <= trd_dd; published_date + 1 calendar day; backward merge_asof; 60d rolling aggregate
nlp_finbert_sent_60d,nlp_finbert,runpod_gpu_inference,nlp_kfinbert_sent_score_mean_60d,True,selected_finbert_60d_sentiment_feature,919,0.4310506566604127,820,False,False,all_in_finbert_60d,final_main,FinBERT 감성 점수 60일 평균,article asof_date <= trd_dd; published_date + 1 calendar day; backward merge_asof; 60d rolling aggregate
nlp_finbert_spread_60d,nlp_finbert,runpod_gpu_inference,nlp_kfinbert_neg_pos_spread_mean_60d,True,selected_finbert_60d_sentiment_feature,919,0.4310506566604127,820,False,False,all_in_finbert_60d,final_main,FinBERT 부정-긍정 스프레드 60일 평균,article asof_date <= trd_dd; published_date + 1 calendar day; backward merge_asof; 60d rolling aggregate
nlp_finbert_count_60d,nlp_finbert,runpod_gpu_inference,nlp_kfinbert_article_count_60d,True,selected_finbert_60d_sentiment_feature,2116,0.9924953095684804,176,False,False,all_in_finbert_60d,final_main,FinBERT 기사 수 60일 합계,article asof_date <= trd_dd; published_date + 1 calendar day; backward merge_asof; 60d rolling aggregate
